"read_count","tax","seq"
15532,"d:Fungi","AAGTCGTAACAAGGTTTCCGTAGGTGAACCTGCGGAAGGATCATTATCGTAGGGCTTCGGCCCTGTCGAGATAGAACCCTTGCCTTTTTGAGTACCTTTCGTTTCCTCGGCAGGCTCGCCTGCCAATGGGGACCACAAAAAACACTTTGCAGTACCTGTAACAGTCTGAACAAACAAACAAAAATTAAAACTTTCAACAACGGATCTCTTGGTTCTG"
36,"","AGTCGTAACAAGGTTTCCGTAGGTGAACCTGCGGAAGGATCATTGTCGATGCCTTACATGCAGACCAACTCGTGAATTTGTTTGAATACATAGGGATGGCACGGGTGTTTTTGCACCACGACCTCCCTTTGGGTAGGAGGGGGTGCGTCCCCCTCATGCCTGAACACAAACCCCGGCGTTCAATGCGCCAAGGAACATAAAATTCGATCAATGCGCCCCGTCGGCCCGGAGACGGTGCTCTGGCGGTGGTGCCTTGTCACATGATACAGAATGACTCTCGGCAACGGATATCTAGGCTCTT"
20,"d:Fungi","AAGTCGTAACAAGGTCTCCGTAGGTGAACCTGCGGAGGGATCATTACACAAATATGAAGGCGGGCTGGAACCTCTCGGGGTTACAGCCTTGCTGAATTATTCACCCTTGTCTTTTGCGTACTTCTTGTTTCCTTGGTGGGTTCGCCCACCACTAGGACAAACATAAACCTTTTGTAATTGCAATCAGCGTCAGTAACAAATTAATAATTACAACTTTCAACAACGGATCTCTTGGTTCTG"
14,"","AGTCGTAACAAGGTTTCCGTAGGTGAACCTGCGGAAGGATCATTGTCGATGCCTTACATGCAGACCAACTCGTGAATTTGTTTGAATACATAGGGATGGCACGGGTGTTTTTGCACCACGACCTCCCTTTGGGTAGGAGGGGGTGCGTCCCCCTCATGCCTGAACACAAACCCCGGCGTTCAATGCGCCAAGGAACAGAAAATTCGATCAATGCGCCCCGTCGGCCCGGAGACGGTGCTCTGGCGGTGGTGCCTTGTCACATGATACAGAATGACTCTCGGCAACGGATATCTAGGCTCTT"
6,"","AGTCGTAACAAGGTTTCCGTAGGTGAACCTGCGGAAGGATCATTGTCGATGCCTTACATGCAGACCAACTCGTGAATTTGTTTGAATACATAGGGATGGCACGGGTGTTTTGGCACCACGACCTCCCTTTGGGTAGGAGGGGGTGCGTCCCCCTCATGCCTGAACACAAACCCCGGCGTTCAATGCGCCAAGGAACATAAAATTCGATCAATGCGCCCCGTCGGCCCGGAGACGGTGCTCTGGCGGTGGTGCCTTGTCACATGATACAGAATGACTCTCGGCAACGGATATCTAGGCTCTT"
4,"d:Fungi,p:Ascomycota,c:Pezizomycetes,o:Pezizales","AAGTCGTAACAAGGTTTCCGTAGGTGAACCTGCGGAAGGATCATTACAAGTAAATACGTGTTCCTAGGAATATGCATTTTCAAACCCCTCTGTGTACCTTACCTGTTGCTTCCGTGCTGCGTGGACTTCGGTCCCCTCCCTCGCTGGAGTGCCGGCACGGCTAACAAAACTCATGCATTTCATGTCATCTGTCTGAACTGATAAATACAAAAAGTTAAAACTTTCAACAACGGATCTCTTGGTTCTC"
36,"d:Fungi,p:Ascomycota,c:Eurotiomycetes,o:Eurotiales,f:Aspergillaceae,g:Penicillium","AAGTCGTAACAAGGTTTCCGTAGGTGAACCTGCGGAAGGATCATTACCGAGCGAGAATTCTCTGAATTCAACCTCCCACCCGTGTTTCTTGTACCTTGTTGCTTCGGCGGGCCCGCCTCACGGCCGCCGGGGGGCATCTGCCCCCGGGCCCGCGCCCGCCGAAGACACCTTGAACTCTGTATGAAAATTGCAGTCTGAGTCTAAATATAAATTATTTAAAACTTTCAACAACGGATATCTTGGGTCCG"
6,"","GTGTCAGCAGCCGCGGTAAGACAGAGGATGCAAGCGTTATCCGGAATGATTGGGCGTAAAGCGTCTGTAGGTGGCTTTTTAAGTTCGCCGTCAAATCCCAGGGCTCAACCCTGGACAGGTGGTGAAAACTATCAAGCTAGAGTACGGTAGGGGCAGAGGGAATTTCCGGTGGAGAGATGAAATGCGTAGAGATCGGAAGGAACACCAACGGCGAAAGCACTCTGCTGGGCCGACACTGACACTGAGAGACGAAAGCTAGGGGAGCGAATGGGATTAGATACCCCGGTAGTCC"
10,"d:Fungi,p:Ascomycota","AAGTCGTAACAAGGTTTCCGTAGGTGAACCTGCGGAAGGATCATTAAAGAGTAAGGGTGCTCAGCGCCCGACCTCCAACCCTTTGTTGTTAAAACTGCCTTGTTGCTTTGGCGGGACCGCTCGGTCTCGAGCCGCCGGGGACCAGTCCCGGGCGAGCGCCCGCCAGAGTTAAACCAAACTCTTGTTATTAAACCGGGCGGCTGAGTTAAAATTTTGAATAAATCAAAACTTTCAACAACGGATCTCTTGGGTCTC"
2,"d:Fungi,p:Ascomycota,c:Leotiomycetes,o:Erysiphales,f:Erysiphaceae,g:Leveillula,s:Leveillula_taurica_SH1525617.08FU","AAGTCGTAACAAGGTTTCCGTAGGTGAACCTGCGGAAGGATCATTACAGAGCGTGAAGACCTCGGCCCCTCCACAGCGCAAGCTGGTGCGAGGGACACATGCCGGGGTCGACCCTCCCACCCGTGTCGACTCGTCTCCTGTTGCTTTGGCAGGCCGACTGCCTAGCGGTCCTCTGGCTCTCGGGCTGGAGTGCGCCTGCCAGAGACTATTCAACTCGTGTTCTGGATGAAGTCTGAGCAATCAAGCAATAAAAATGAATAAGTTAAAACTTTCAACAACGGATCTCTTGGCTCTG"
3,"d:Fungi,p:Ascomycota,c:Eurotiomycetes,o:Eurotiales,f:Aspergillaceae,g:Penicillium","AAGTCGTAACAAGGTTTCCGTAGGTGAACCTGCGGAAGGATCATTACCGAGCGAGAATTCTCTGAATTCAACCTCCCACCCTTGTTTCTTGTACCTTGTTGCTTCGGCGGGCCCGCCTCACGGCCGCCGGGGGGCATCTGCCCCCGGGCCCGCGCCCGCCGAAGACACCTTGAACTCTGTATGAAAATTGCAGTCTGAGTCTAAATATAAATTATTTAAAACTTTCAACAACGGATATCTTGGGTCCG"
9913,"d:Fungi","AAGTCGTAACAAGGTCTCCGTAGGTGAACCTGCGGAGGGATCATTACAAGAACGCCCGGGCTTCGGCCTGGTTATTCATAACCCTTTGTTGTCCGACTCTGTTGCCTCCGGGGCGACCCTGCCTTCGGGCGGGGGCTCCGGGTGGACACTTCAAACTCTTGCGTAACTTTGCAGTCTGAGTAAACTTAATTAATAAATTAAAACTTTTAACAACGGATCTCTTGGTTCTG"
3416,"d:Fungi,p:Ascomycota,c:Eurotiomycetes,o:Eurotiales,f:Aspergillaceae,g:Penicillium","AAGTCGTAACAAGGTTTCCGTAGGTGAACCTGCGGAAGGATCATTACCGAGCGAGAATTCTCTGAATTCAACCTCCCACCCGTGTTTATTGTACCTTGTTGCTTCGGCGGGCCCGCCTCACGGCCGCCGGGGGGCATCTGCCCCCGGGCCCGCGCCCGCCGAAGACACCTTGAACTCTGTATGAAAATTGCAGTCTGAGTCTAAATATAAATTATTTAAAACTTTCAACAACGGATCTCTTGGTTCCG"
1993,"d:Fungi","AAGTCGTAACAAGGTTTCCGTAGGTGAACCTGCGGAAGGATCATTAAAGAGTAAGGGTGCTCAGCGCCCGACCTCCAACCCTTTGTTGTTAAAACTGCCTTGTTGCTTTGGCGGGACCGCTCGGTCTCGAGCCGCCGGGGACCAGTCCCGGGCGAGCGCCCGCCAGAGTTAAACCAAACTCTTGTTATTAAACCGGTCGTCTGAGTTAAAATTTTGAATAAATCAAAACTTTCAACAACGGATCTCTTGGTTCTC"
737,"d:Fungi,p:Ascomycota,c:Dothideomycetes,o:Dothideales,f:Dothideaceae,g:Endoconidioma,s:Endoconidioma_populi_SH1515066.08FU","AAGTCGTAACAAGGTTTCCGTAGGTGAACCTGCGGAAGGATCATTAAAGAGTTAGGGTCCTAGTGGCCCAACCTCCAACCCTCTGTTGTTAAAACTACCTTGTTGCTTTGGCGGGACCGTTCGGTCTCCGAGCGCGTTAACCTTCGGGTTGGCGAGCGCCCGCCAGAGTCCAACCAAACTCTTGTATTAAACCAGTCGTCTGAGTATAAAATTTTAATTAAATTAAAACTTTCAACAACGGATCTCTTGGTTCTC"
487,"d:Fungi,p:Ascomycota,c:Eurotiomycetes,o:Eurotiales,f:Aspergillaceae,g:Aspergillus","AAGTCGTAACAAGGTTTCCGTAGGTGAACCTGCGGAAGGATCATTACCGAGTGCGGGTCCTTTGGGCCCAACCTCCCATCCGTGTCTATTATACCCTGTTGCTTCGGCGGGCCCGCCGCTTGTCGGCCGCCGGGGGGGCGCCTTTGCCCCCCGGGCCCGTGCCCGCCGGAGACCCCAACACGAACACTGTCTGAAAGCGTGCAGTCTGAGTTGATTGAATGCAATCAGTTAAAACTTTCAACAATGGATCTCTTGGTTCCG"
219,"d:Fungi,p:Ascomycota,c:Sordariomycetes,o:Xylariales","AAGTCGTAACAAGGTCTCCGTTGGTGAACCAGCGGAGGGATCATTAGCGAGTTAATTACAAACTCCAAAACCCCTGTGAACTTACCTATGTTGCCTTGGCAGGTCGTGGTGTGTAGCGTGATCACTGGAGGATCACTGCCTCGCACCGCGCCAAAAGACCTGTCAAAGGACCCCTAAACTCTGTCTTTTACAACTGTATCTCTGAGTCTATTATATAAACAAGTTAAAACTTTCAACAACGGATCTCTTGGCTCTG"
171,"d:Fungi","AAGTCGTAACAAGGTTTCCGTAGGTGAACCTGCGGAAGGATCATTAAAGAGATAGGGTGCTCAGCGCCCGACCTCCAACCCTTTGTTGTTAAAACTACCTTGTTGCTTTGGCGGGACCGCTCGGTCTCGAGCCGCTGGGGATTCGTCCCAGGCGAGTGCCCGCCAGAGTTAAACCAAACTCTTGTTAATTAAACCGGTCGTCTGAGTTAAAATTTTGAATAAATCAAAACTTTCAACAACGGATCTCTTGGTTCTC"
74,"d:Fungi","AAGTCGTAACAAGGTTTCCGTAGGTGAACCTGCGGAAGGATCATTATCCTTTTATCAGGGGTTTGATGCCAGCGCTCTGGGCTCCTGCTCGGCTCACTGGCTCCTATCCTTCTGATTCTACCCATGTCTTTTGCGTACTACTTGTTTCCTTGGTAGGCTTGCCTGCCAATAGGACACACCGAAACCTTTTGTAATTGCAATCAGCGTCAGTAACAATGTAATTATTACAACTTTCAACAACGGATCTCTTGGTTCTG"
1,"d:Fungi,p:Ascomycota,c:Pezizomycetes,o:Pezizales,f:Pyronemataceae","AAGTCGTAACAAGGTTTCCGTAGGTGAACCTGCGGAAGGATCATTAGTGAATTAAACATGCTTGGTGTCTTCGCTTCGGCAAGGCCCTTGCTTAACTCACATCCCAACACCTGTGAACTGTAAGGCGCATGACTAGGTTCGCCCAAGTCATCGTCTGCCCTTTTTAACAAACAATTAATGTAACAAACGTAGTCTTATTATAACCTAATAAAACTTTCAACAACGGATCTCTTGGCTCTC"
