read_count,tax,seq
20608,fungal,TACAAGTAAGACTAGTGTTATTCATCTTAATTAGGTTTAAAGGGTACCTAGACAGTATTTCTAGCCTCCAAAGGGAACAGATTTACTAGAGTTTTATGTGAGAGGAAAATATTAGAACCATTGGAGTAGTGATAAAATGTTTTGATACTAATGGGACGGATAACGGCGAAGGCAAACCTCTATGTAATAACTGACGTTGAGGGACGAAGGCTTGGGTAGCGAATAGG
15090,fungal,TACGAGGAAGACTAGTGTTATTCATCTTTATTAGGTTTAAAGGGTACCTAGACGGCATATCAAGCCCCAAAAGGGAACAGATATACTAGAGTTTTATGTGAGAGGAATATATTAGTACTATTGGTGTAGAGATGAAATTCTTTGATACTAATAGGACGGATAAGAGCAAAAGCAAACCTTTATGTATAAACTGACGTTGAGGGACGAAGGCTTGGGTCGCGAATAGG
8196,fungal,TACGTAGGAGGCTAGTGTTAGTTATCTTTATTGGGTTTAAAGGGTAAGTAGACGGTAAATTAAACTCTAAATGAGTACTTTTTTACTAGAGTTATATGAGAGAAGGAAGAATTTCTGGAGTAGAGATAAAATTCGATGATACCAGGAGGACTGTCAACGGCGAAGGCGTCCTTCTATGTAATAACTGACGTTGAGAGACGAAGGCTTGGGTAGCAAACAGG
2930,,TACGAGGAAGACTAGTGTTATTCATCTTTATTAGGTTTAAAGGGTACCTAGACGGTATATCAAGCCCCAAAAGGGAACAGATATACTAGAGTTTTATGTGAGAGGTATATATTAGTACTATTGGTGTAGAGATGAAATTCTTTGATACTAATGGAACGGATAACAGCAAAAGCAAACCTTTATGTATAAACTGACGTTGAGGGACGAAGGCTTGGGTCGCGAATAGG
2814,"k:Bacteria,p:Firmicutes,c:Bacilli,o:Bacillales,f:Bacillaceae,g:Bacillus",TACGTAGGTGGCAAGCGTTGTCCGGAATTATTGGGCGTAAAGGGCTCGCAGGCGGTTTCTTAAGTCTGATGTGAAAGCCCCCGGCTCAACCGGGGAGGGTCATTGGAAACTGGGGAACTTGAGTGCAGAAGAGGAGAGTGGAATTCCACGTGTAGCGGTGAAATGCGTAGAGATGTGGAGGAACACCAGTGGCGAAGGCGACTCTCTGGTCTGTAACTGACGCTGAGGAGCGAAAGCGTGGGGAGCGAACAGG
1319,"k:Bacteria,p:Actinobacteria,c:Actinobacteria,o:Actinomycetales,f:Propionibacteriaceae,g:Propionibacterium,s:Propionibacterium_acnes",CGTAGGGTGCGAGCGTTGTCCGGATTTATTGGGCGTAAAGGGCTCGTAGGTGGTTGATCGCGTCGGAAGTGTAATCTTGGGGCTTAACCCTGAGCGTGCTTTCGATACGGGTTGACTTGAGGAAGGTAGGGGAGAATGGAATTCCTGGTGGAGCGGTGGAATGCGCAGATATCAGGAGGAACACCAGTGGCGAAGGCGGTTCTCTGGGCCTTTCCTGACGCTGAGGAGCGAAAGCGTGGGGAGCGAAC
1035,,GACAAGGGAGACGAGTGTTATTCATCTTAAACAGGTATATTGGGTACCTAGACTGTGTATGAAGGCTTTTATAGTACCTACTACACTAGAGTTTAATATGTGAGAGGAAGATGTCAGAATTATTGGAGTAGAGATGAAATCCTTTAATACTAATAGGACTGATAATGGCGAAGGCAAACCTCTATGTATATGTACTTTAAAGGAAGAACAATTTAATGAAAAGAGTTAAAGAATATATATTATCATATATGAAGATATAGAGATAATAAATGAGAACTAAAGTACTAAACTGACGTTGAGGGACGAAGGCTCAGAGAGTGAAGAGG
911,"k:Bacteria,p:Firmicutes,c:Bacilli,o:Bacillales,f:Staphylococcaceae,g:Staphylococcus,s:Staphylococcus_aureus",TACGTAGGTGGCAAGCGTTATCCGGAATTATTGGGCGTAAAGCGCGCGTAGGCGGTTTTTTAAGTCTGATGTGAAAGCCCACGGCTCAACCGTGGAGGGTCATTGGAAACTGGAAAACTTGAGTGCAGAAGAGGAAAGTGGAATTCCATGTGTAGCGGTGAAATGCGCAGAGATATGGAGGAACACCAGTGGCGAAGGCGACTTTCTGGTCTGTAACTGACGCTGATGTGCGAAAGCGTGGGGATCAAACAGG
854,,TACGTAGAAGACTAGTGTTAGTCATCTTTATTAGGTTTAAAGGGTACCTAGACGGTAAATTAAACTCTAAATGAGTACTTTTTTACTAGAGTTTTATGTGAGAAGGAAGAACTTCTGGAGTAGGGATAAAATACGCAAATACCAGAAGGACTGATAACGGCGAAGGCGTCCTTCTATGTAAAAACTGACGTTGAGGGACGAAGGCTCGGGTAGCGATAAGG
616,"k:Bacteria,p:Actinobacteria,c:Actinobacteria,o:Actinomycetales,f:Corynebacteriaceae,g:Corynebacterium",TACGTAGGGTGCGAGCGTTGTCCGGAATTACTGGGCGTAAAGGGCTCGTAGGTGGTTTGTCGCGTCGTCTGTGAAATTCCGGGGCTTAACTCCGGGCGTGCAGGCGATACGGGCATAACTTGAGTACTGTAGGGGTAACTGGAATTCCTGGTGTAGCGGTGAAATGCGCAGATATCAGGAGGAACACCGATGGCGAAGGCAGGTTACTGGGCAGTTACTGACGCTGAGGAGCGAAAGCATGGGTAGCGAACAGG
564,"k:Bacteria,p:Proteobacteria,c:Betaproteobacteria,o:Burkholderiales,f:Oxalobacteraceae,g:Ralstonia",TACGTAGGGTCCAAGCGTTAATCGGAATTACTGGGCGTAAAGCGTGCGCAGGCGGTTGTGCAAGACCGATGTGAAATCCCCGAGCTTAACTTGGGAATTGCATTGGTGACTGCACGGCTAGAGTGTGTCAGAGGGGGGTAGAATTCCACGTGTAGCAGTGAAATGCGTAGAGATGTGGAGGAATACCGATGGCGAAGGCAGCCCCCTGGGATAACACTGACGCTCATGCACGAAAGCGTGGGGAGCAAACAGG
531,"k:Bacteria,p:Proteobacteria,c:Betaproteobacteria,o:Burkholderiales,f:Alcaligenaceae,g:Achromobacter",TACGTAGGGTGCAAGCGTTAATCGGAATTACTGGGCGTAAAGCGTGCGCAGGCGGTTCGGAAAGAAAGATGTGAAATCCCAGAGCTTAACTTTGGAACTGCATTTTTAACTACCGGGCTAGAGTGTGTCAGAGGGAGGTGGAATTCCGCGTGTAGCAGTGAAATGCGTAGATATGCGGAGGAACACCGATGGCGAAGGCAGCCTCCTGGGATAACACTGACGCTCATGCACGAAAGCGTGGGGAGCAAACAGG
404,"k:Bacteria,p:Proteobacteria,c:Betaproteobacteria,o:Burkholderiales,f:Burkholderiaceae,g:Burkholderia",TACGTAGGGTGCAAGCGTTAATCGGAATTACTGGGCGTAAAGCGTGCGCAGGCGGTTCGCTAAGACAGATGTGAAATCCCCGGGCTTAACCTGGGAACTGCATTTGTGACTGGCGGGCTAGAGTATGGCAGAGGGGGGTAGAATTCCACGTGTAGCAGTGAAATGCGTAGAGATGTGGAGGAATACCGATGGCGAAGGCAGCCCCCTGGGCCAATACTGACGCTCATGCACGAAAGCGTGGGGAGCAAACAGG
268,"k:Bacteria,p:Actinobacteria,c:Actinobacteria,o:Actinomycetales,f:Corynebacteriaceae,g:Corynebacterium",TACGTAGGGTGCGAGCGTTGTCCGGAATTACTGGGCGTAAAGAGCTCGTAGGTGGTTTGTCGCGTCGTTTGTGTAAGCCCGCAGCTTAACTGCGGGACTGCAGGCGATACGGGCATAACTTGAGTGCTGTAGGGGAGACTGGAATTCCTGGTGTAGCGGTGGAATGCGCAGATATCAGGAGGAACACCGATGGCGAAGGCAGGTCTCTGGGCAGTAACTGACGCTGAGGAGCGAAAGCATGGGTAGCGAACAGG
255,"k:Bacteria,p:Actinobacteria,c:Actinobacteria,o:Actinomycetales,f:Corynebacteriaceae,g:Corynebacterium",TACGTAGGGTGCGAGCGTTGTCCGGAATTACTGGGCGTAAAGGGCTCGTAGGTGGTTTGTCGCGTCGTCTGTGAAATTCTGGGGCTTAACTCCGGGCGTGCAGGCGATACGGGCATAACTTGAGTGCTGTAGGGGTAACTGGAATTCCTGGTGTAGCGGTGAAATGCGCAGATATCAGGAGGAACACCGATGGCGAAGGCAGGTTACTGGACAGTTACTGACGCTGAGGAGCGAAAGCATGGGTAGCGAACAGG
229,"k:Bacteria,p:Firmicutes,c:Bacilli,o:Lactobacillales,f:Streptococcaceae,g:Streptococcus",TACGTAGGTCCCGAGCGTTGTCCGGATTTATTGGGCGTAAAGCGAGCGCAGGCGGTTAGATAAGTCTGAAGTTAAAGGCTGTGGCTTAACCATAGTACGCTTTGGAAACTGTTTAACTTGAGTGCAAGAGGGGAGAGTGGAATTCCATGTGTAGCGGTGAAATGCGTAGATATATGGAGGAACACCGGTGGCGAAAGCGGCTCTCTGGCTTGTAACTGACGCTGAGGCTCGAAAGCGTGGGGAGCAAACAGG
182,"k:Bacteria,p:Proteobacteria,c:Alphaproteobacteria,o:Rhizobiales,f:Bradyrhizobiaceae,g:Bradyrhizobium",TACGAAGGGGGCTAGCGTTGCTCGGAATCACTGGGCGTAAAGGGTGCGTAGGCGGGTTTTTAAGTCAGGGGTGAAATCCTGGAGCTCAACTCCAGAACTGCCTTTGATACTGAAGATCTTGAGTCCGGGAGAGGTGAGTGGAACTGCGAGTGTAGAGGTGAAATTCGTAGATATTCGCAAGAACACCAGTGGCGAAGGCGGCTCACTGGCCCGGTACTGACGCTGAGGCACGAAAGCGTGGGGAGCAAACAGG
147,"k:Bacteria,p:Proteobacteria,c:Alphaproteobacteria,o:Caulobacterales,f:Caulobacteraceae",TACGAAGGGGGCTAGCGTTGCTCGGAATTACTGGGCGTAAAGGGCGCGTAGGCGGACAGTTAAGTTGGGGGTGAAAGCCCGGGGCTCAACCTCGGAAATGCCTTCAATACTGGCTGTCTTGAGTACGGGAGAGGTGAGTGGAACTCCGAGTGTAGAGGTGAAATTCGTAGATATTCGGAAGAACACCAGTGGCGAAGGCGACTCACTGGCCCGTTACTGACGCTGAGGCGCGAAAGCGTGGGGAGCAAACAGG
138,"k:Bacteria,p:Actinobacteria,c:Actinobacteria,o:Actinomycetales,f:Intrasporangiaceae,g:Janibacter",TACGTAGGGTGCGAGCGTTGTCCGGAATTATTGGGCGTAAAGAGCTTGTAGGCGGTTTGTCGCGTCTGCTGTGAAAATCCGGGGCTCAACCCCGGACTTGCAGTGGGTACGGGCAGACTAGAGTGTGGTAGGGGAGACTGGAATTCCTGGTGTAGCGGTGAAATGCGCAGATATCAGGAGGAACACCGATGGCGAAGGCAGGTCTCTGGGCCACTACTGACGCTGAGAAGCGAAAGCATGGGGAGCGAACAGG
133,"k:Bacteria,p:Proteobacteria,c:Alphaproteobacteria,o:Caulobacterales,f:Caulobacteraceae",TACGAAGGGGGCTAGCGTTGCTCGGAATTACTGGGCGTAAAGGGCGCGTAGGCGGACAGTTAAGTTGGGGGTGAAAGCCCGGGGCTCAACCTCGGAATTGCCTTCAATACTGGCTGTCTTGAGTACGGGAGAGGTGAGTGGAACTCCGAGTGTAGAGGTGAAATTCGTAGATATTCGGAAGAACACCAGTGGCGAAGGCGACTCACTGGCCCGTTACTGACGCTGAGGCGCGAAAGCGTGGGGAGCAAACAGG
117,"k:Bacteria,p:Actinobacteria,c:Actinobacteria,o:Actinomycetales,f:Corynebacteriaceae,g:Corynebacterium",TACGTAGGGTGCGAGCGTTGTCCGGAATTACTGGGCGTAAAGAGCTCGTAGGCGGTTTGTCACGTCGTCTGTGAAATCCTAGGGCTTAACCCTGGACGTGCAGGCGATACGGGCTGACTTGAGTACTACAGGGGAGACTGGAATTTCTGGTGTAGCGGTGGAATGCACAGATATCAGGAAGAACACCGATGGCGAAGGCAGGTCTCTGGGTAGTAACTGACGCTGAGGAGCGAAAGCATGGGTAGCGAACAGG
112,"k:Bacteria,p:Proteobacteria,c:Betaproteobacteria,o:Burkholderiales,f:Alcaligenaceae,g:Achromobacter",TACGTAGGGTGCAAGCGTTACTCGGAATTACTGGGCGTAAAGCGTGCGCAGGCGGTTCGGAAAGAAAGATGTGAAATCCCAGAGCTTAACTTTGGAACTGCATTTTTAACTACCGGGCTAGAGTGTGTCAGAGGGAGGTGGAATTCCGCGTGTAGCAGTGAAATGCGTAGATATGCGGAGGAACACCGATGGCGAAGGCAGCCTCCTGGGATAACACTGACGCTCATGCACGAAAGCGTGGGGAGCAAACAGG
87,"k:Bacteria,p:Actinobacteria,c:Actinobacteria,o:Actinomycetales,f:Corynebacteriaceae,g:Corynebacterium",TACGTAGGGTGCGAGCGTTGTCCGGAATTACTGGGCGTAAAGAGCTCGTAGGTGGTTTGTCGCGTCGTTTGTGGAATACCGCAGCTTAACTGCGGGGTTGCAGGCGATACGGGCATAACTTGAGTGCTGTAGGGGAGACTGGAATTCCTGGTGTAGCGGTGGAATGCGCAGATATCAGGAGGAACACCGATGGCGAAGGCAGGTCTCTGGGCAGTAACTGACGCTGAGGAGCGAAAGCATGGGGAGCGAACAGG
85,"k:Bacteria,p:Firmicutes,c:Bacilli,o:Lactobacillales,f:Streptococcaceae,g:Streptococcus",TACGTAGGTCCCGAGCGTTGTCCGGATTTATTGGGCGTAAAGCGAGCGCAGGCGGTTAGATAAGTCTGAAGTTAAAGGCTGTGGCTTAACCATAGTATGCTTTGGAAACTGTTTAACTTGAGTGCAGAAGGGGAGAGTGGAATTCCATGTGTAGCGGTGAAATGCGTAGATATATGGAGGAACACCGGTGGCGAAAGCGGCTCTCTGGTCTGTAACTGACGCTGAGGCTCGAAAGCGTGGGGAGCAAACAGG
79,"k:Bacteria,p:Actinobacteria,c:Actinobacteria,o:Actinomycetales,f:Corynebacteriaceae,g:Corynebacterium",TACGTAGGGTGCGAGCGTTGTCCGGAATTACTGGGCGTAAAGAGCTCGTAGGTGGTTTGTCGCGTCGTTTGTGTAAGCCCGCAGCTTAACTGCGGGACTGCAGGCGATACGGGCATAACTTGAGTGCTGTAGGGGAGACTGGAATTCCTGGTGTAGCGGTGGAATGCGCAGATATCAGGAGGAACACCGATGGCGAAGGCAGGTCTCTGGGCAGTAACTGACGCTGAGGAGCGAAAGCATGGGGAGCGAACAGG
76,"k:Bacteria,p:Proteobacteria,c:Alphaproteobacteria,o:Sphingomonadales,f:Sphingomonadaceae,g:Sphingomonas",TACGGAGGGTGCTAGCGTTATTCGGAATTACTGGGCGTAAAGCGCACGTAGGCGGCTTTGTAAGTTAGAGGTGAAAGCCTGGAGCTCAACTCCAGAATTGCCTTTAAGACTGCATCGCTTGAATCCAGGAGAGGTGAGTGGAATTCCGAGTGTAGAGGTGAAATTCGTAGATATTCGGAAGAACACCAGTGGCGAAGGCGGCTCACTGGACTGGTATTGACGCTGAGGTGCGAAAGCGTGGGGAGCAAACAGG
72,"k:Bacteria,p:Actinobacteria,c:Actinobacteria,o:Actinomycetales,f:Corynebacteriaceae,g:Corynebacterium",TACGTAGGGTGCGAGCGTTGTCCGGAATTACTGGGCGTAAAGAGCTCGTAGGTGGTTTGTCGCGTCGTCTGTGAAATTCCGGGGCTTAACTCCGGGCGTGCAGGCGATACGGGCATAACTTGAGTGCTGTAGGGGAGACTGGAATTCCTGGTGTAGCGGTGAAATGCGCAGATATCAGGAGGAACACCGATGGCGAAGGCAGGTCTCTGGGCAGTAACTGACGCTGAGGAGCGAAAGCATGGGTAGCGAACAGG
69,"k:Bacteria,p:Proteobacteria,c:Betaproteobacteria,o:Burkholderiales,f:Burkholderiaceae,g:Burkholderia",TACGTAGGGTGCAAGCGTTACTCGGAATTACTGGGCGTAAAGCGTGCGCAGGCGGTTCGCTAAGACAGATGTGAAATCCCCGGGCTTAACCTGGGAACTGCATTTGTGACTGGCGGGCTAGAGTATGGCAGAGGGGGGTAGAATTCCACGTGTAGCAGTGAAATGCGTAGAGATGTGGAGGAATACCGATGGCGAAGGCAGCCCCCTGGGCCAATACTGACGCTCATGCACGAAAGCGTGGGGAGCAAACAGG
67,"k:Bacteria,p:Firmicutes,c:Clostridia,o:Clostridiales,f:[Tissierellaceae],g:Finegoldia",TACGTATGGAGCGAGCGTTGTCCGGAATTATTGGGCGTAAAGGGTACGCAGGCGGTTTAATAAGTCGAATGTTAAAGATCGGGGCTCAACCCCGTAAAGCATTGGAAACTGATAAACTTGAGTAGTGGAGAGGAAAGTGGAATTCCTAGTGTAGTGGTGAAATACGTAGATATTAGGAGGAATACCAGTAGCGAAGGCGACTTTCTGGACACAAACTGACGCTGAGGTACGAAAGCGTGGGGAGCAAACAGG
64,"k:Bacteria,p:Proteobacteria,c:Alphaproteobacteria,o:Rhodospirillales,f:Rhodospirillaceae",GACGAAGGGGGCTAGCGTTGTTCGGAATTACTGGGCGTAAAGCGCGTGTAGGCGGTTGTTCAAGTCGGGTGTGAAAGCCTTGAGCTCAACTCAAGAAATGCACTCGGTACTGGATGACTAGAGGACCGGAGAGGATAGTGGAATTCCCAGTGTAGTGGTGAAATACGTAGAGATTGGGAAGAACACCAGTGGCGAAGGCGGCTATCTGGACGGTTTCTGACGCTAAGACGCGAAAGCGTGGGGAGCAAACAGG
60,"k:Bacteria,p:Actinobacteria,c:Actinobacteria,o:Actinomycetales,f:Micrococcaceae,g:Micrococcus,s:Micrococcus_luteus",TACGTAGGGTGCGAGCGTTATCCGGAATTATTGGGCGTAAAGAGCTCGTAGGCGGTTTGTCGCGTCTGTCGTGAAAGTCCGGGGCTTAACCCCGGATCTGCGGTGGGTACGGGCAGACTAGAGTGCAGTAGGGGAGACTGGAATTCCTGGTGTAGCGGTGGAATGCGCAGATATCAGGAGGAACACCGATGGCGAAGGCAGGTCTCTGGGCTGTAACTGACGCTGAGGAGCGAAAGCATGGGGAGCGAACAGG
60,"k:Bacteria,p:Fusobacteria,c:Fusobacteriia,o:Fusobacteriales,f:Leptotrichiaceae,g:Leptotrichia",TACGTATGTCGCGAGCGTTATCCGGAATTATTGGGCATAAAGGGCATCTAGGCGGCCTTTCAAGTCAGGGGTGAAAACCTGCGGCTCAACCGCAGGCCTGCCTTTGAAACTGATAGGCTGGAGTACCGGAGAGGTGGACGGAACTGCACGAGTAGAGGTGAAATTCGTAGATATGTGCAGGAATGCCGATGATGAAGATAGTTCACTGGACGGTAACTGACGCTGAAGTGCGAAAGCCGGGGGAGCGAACAGG
59,"k:Bacteria,p:Firmicutes,c:Clostridia,o:Clostridiales,f:[Tissierellaceae],g:Anaerococcus",TACGTAAGGACCGAGCGTTGTCCGGAATCATTGGGCGTAAAGGGTACGTAGGCGGCTAGAAAAGTTAGAAGTCAAAGGCTATAGCTCAACTATAGTAAGCTTCTAAAACTATTTAGCTTGAGAAATGGAAGGGAAAGTGGAATTCCTAGTGTAGCGGTGGAATGCGCAGATATTAGGAAGAATACCGGTGGCGAAGGCGACTTTCTGGCCATTATCTGACGCTGAGGTACGAAAGCGTGGGTAGCAAACAGG
56,"k:Bacteria,p:Firmicutes,c:Clostridia,o:Clostridiales,f:[Tissierellaceae],g:Anaerococcus",TACGTAAGGACCGAGCGTTGTCCGGAATCATTGGGCGTAAAGGGTACGTAGGCGGGTTTTTAAGTTAGAAGTCAAAGGCTATAGCTCAACTATAGTAAGCTTCTAAAACTGGGGACCTTGAGTAATGGAAGGGAAAGTGGAATTCCTAGTGTAGCGGTGGAATGCGCAGATATTAGGAGGAATACCGGTGGCGAAGGCGACTTTCTGGCCATTAACTGACGCTGAGGTACGAAAGCGTGGGTAGCAAACAGG
54,"k:Bacteria,p:Actinobacteria,c:Actinobacteria,o:Actinomycetales,f:Corynebacteriaceae,g:Corynebacterium",TACGTAGGGTGCAAGCGTTGTCCGGAATTACTGGGCGTAAAGAGCTCGTAGGTGGTTTGTCACGTCGTCTGTGAAATTCCACAGCTTAACTGTGGGCGTGCAGGCGATACGGGCTGACTTGAGTACTGTAGGGGTAACTGGAATTCCTGGTGTAGCGGTGAAATGCGCAGATATCAGGAGGAACACCGATGGCGAAGGCAGGTTACTGGGCAGTTACTGACGCTGAGGAGCGAAAGCATGGGTAGCAAACAGG
50,"k:Bacteria,p:Bacteroidetes,c:[Saprospirae],o:[Saprospirales],f:Chitinophagaceae,g:Sediminibacterium",TACGGAGGGTGCAAGCGTTATCCGGATTCACTGGGTTTAAAGGGTGCGTAGGCGGGTATGTAAGTCAGTGGTGAAATACCGGAGCTTAACTTCGGAACTGCCATTGATACTATATATCTTGAATATTGTGGAGGTAAGCGGAATATGTCATGTAGCGGTGAAATGCTTAGAGATGACATAGAACACCGATTGCGAAGGCAGCTTACTACGCAAATATTGACGCTGAGGCACGAAAGCGTGGGGATCAAACAGG
48,,GACAAGGGAGACGAGTGTTATTCATCTTCAACCGGTCTATTGGGTACCTAGACTGTGTATGAAGGCTTTTATAGTACCTACTACACTAGAGTTTAATATGTGAGAGGAAGATGTCAGAATTATTGGAGTAGAGATGAAATCCTTTAATACTAATAGGACTGATAATGGCGAAGGCAAACCTCTATGTATATGTACTTTAAAGGAAGAACAATTTAATGAAAAGAGTTAAAGAATATATATTATCATATATGAAGATATAGAGATAATAAATGAGAACTAAAGTACTAAACTGACGTTGAGGGACGAAGGCTCAGAGAGTGAAGAGG
45,"k:Bacteria,p:Bacteroidetes,c:Bacteroidia,o:Bacteroidales,f:Porphyromonadaceae,g:Porphyromonas",TACGGAGGATGCGAGCGTTATCCGGATTTATTGGGTTTAAAGGGTGCGTAGGCGGCCTGTTAAGTCAGCGGTGAAATCTAGGAGCTTAACTCCTAAATTGCCATTGATACTGGCGGGCTTGAGTGTAGATGAGGTAGGCGGAATGCGTGGTGTAGCGGTGGAATGCATAGATATCACGCAGAACTCCGATTGCGAAGGCAGCTTACTAAGGTACAACTGACGCTGAAGCACGAAAGCGTGGGTATCAAACAGG
45,"k:Bacteria,p:Actinobacteria,c:Actinobacteria,o:Actinomycetales,f:Mycobacteriaceae,g:Mycobacterium",TACGTAGGGTCCGAGCGTTGTCCGGAATTACTGGGCGTAAAGAGCTCGTAGGTGGTTTGTCGCGTTGTTCGTGAAAACTCACAGCTTAACTGTGGGCGTGCGGGCGATACGGGCAGACTAGAGTACTGCAGGGGAGACTGGAATTCCTGGTGTAGCGGTGGAATGCGCAGATATCAGGAGGAACACCGGTGGCGAAGGCGGGTCTCTGGGCAGTAACTGACGCTGAGGAGCGAAAGCGTGGGGAGCGAACAGG
44,"k:Bacteria,p:Proteobacteria,c:Alphaproteobacteria,o:Caulobacterales,f:Caulobacteraceae",TACGAAGGGGGCTAGCGTTGCTCGGAATTACTGGGCGTAAAGGGAGCGTAGGCGGACATTTAAGTCAGGGGTGAAATCCCGGGGCTCAACCTCGGAATTGCCTTTGATACTGGGTGTCTTGAGTATGAGAGAGGTGTGTGGAACTCCGAGTGTAGAGGTGAAATTCGTAGATATTCGGAAGAACAACAGTGGCGAAGGCGACACACTGGCTCATTACTGACGCTGAGGCTCGAAAGCGTGGGGAGCAAACAGG
43,,GACAAGGGAGACGAGTGTTATTCATCTTAAACCGGTATATTGGGTACCTAGACTGTGTATGAAGGCTTTTATAGTACCTACTACACTAGAGTTTAATATGTGAGAGGAAGATGTCAGAATTATTGGAGTAGAGATGAAATCCTTTAATACTAATAGGACTGATAATGGCGAAGGCAAACCTCTATGTATATGTACTTTAAAGGAAGAACAATTTAATGAAAAGAGTTAAAGAATATATATTATCATATATGAAGAGATAGAGATAAGAAATGAGAACTAAAGTACTAAACTGACGTTGAGGGACGAAGGCTCAGAGAGTGAAGAGG
42,,GACAAGGGAGACGAGTGTTATTCATCTTAAACCGGTCTATTGGGTACCTAGACTGTGTATGAAGGCTTTTATAGTACCTACTACACTAGAGTTTAATATGTGAGAGGAAGATGTCAGAATTATTGGAGTAGAGATGAAATCCTTTAATACTAATAGGACTGATAATGGCGAAGGCAAACCTCTATGTATATGTACTTTAAAGGAAGAACAATTTAATGAAAAGAGTTAAAGAATATATATTATCATATATGAAGAGATAGAGATAATAAATGAGAACTAAAGTACTAAACTGACGTTGAGGGACGAAGGCTCAGAGAGTGAAGAGG
41,"k:Bacteria,p:Firmicutes,c:Clostridia,o:Clostridiales,f:Veillonellaceae,g:Veillonella,s:Veillonella_dispar",TACGTAGGTGGCAAGCGTTGTCCGGAATTATTGGGCGTAAAGCGCGCGCAGGCGGATAGGTCAGTCTGTCTTAAAAGTTCGGGGCTTAACCCCGTGATGGGATGGAAACTGCCAATCTAGAGTATCGGAGAGGAAAGTGGAATTCCTAGTGTAGCGGTGAAATGCGTAGATATTAGGAAGAACACCAGTGGCGAAGGCGACTTTCTGGACGAAAACTGACGCTGAGGCGCGAAAGCCAGGGGAGCGAACGGG
40,,GACAAGGGAGACGAGTGTTATTCATCTTTAACAGGTATATAGGGTACCTAGACGGTGTGCAATGGCTTAAATAAGTACCTGCTACACTTGAGTTTGATATGTGAGAGGAATATGTCGGAATTGTTGGAGGAAAGATGAAATTTGTTAATACCAATAGGACTGATAACGGCGAAGGCAAACCTCTATGTACATGTACTTGCTATTTCTAAATTAGAAGATATTTCTCTTATAAGATAAAAGATAGATCTGATaaaaaaaaGAGGAAAGGAGCAATGTGCTATAACTGACGTTGAGGGACGAAGGCTCAGATAGTGAAGAGG
39,"k:Bacteria,p:Proteobacteria,c:Betaproteobacteria,o:Neisseriales,f:Neisseriaceae",TACGTAGGGTGCGAGCGTTAATCGGAATTATTGGGCGTAAAGCGAGTGTAGACGGTTATTTAAGCCAGATGTGAAATACCCGAGCCTAACTTGGGAGGTGCATATGGAACTGGGTAGCTAGAGTGTGTCAGAGGGAGGTAGAACTCCACGTGTAGCAGTGAAATGCGTAGAGATGTGGAAGAATACCGATGGCGAAGGCAGCCTCCTGGGATAACACTGACGTTGAGGCTCGAAAGCGTGGGGAGCAAACAGG
38,"k:Bacteria,p:Actinobacteria,c:Actinobacteria,o:Actinomycetales,f:Propionibacteriaceae,g:Propionibacterium,s:Propionibacterium_granulosum",CGTAGGGTGCGAGCGTTGTCCGGATTTATTGGGCGTAAAGGGCTCGTAGGCGGTTGATCGCGTCGGAAGTGGAAACTTGATGCTTAACGTTGAGCGTGCTTTCGATACGGGTTGACTTGAGGAAGGTAGGGGAGAATGGAATTCCTGGTGGAGCGGTGGAATGCGCAGATATCAGGAGGAACACCAGTGGCGAAGGCGGTTCTCTGGACCTTTCCTGACGCTGAGGAGCGAAAGCGTGGGGAGCGAAC
35,"k:Bacteria,p:Actinobacteria,c:Actinobacteria,o:Actinomycetales,f:Mycobacteriaceae,g:Mycobacterium",TACGTAGGGTGCGAGCGTTGTCCGGAATTACTGGGCGTAAAGAGCTCGTAGGTGGTTTGTCGCGTTGTTCGTGAAAACTCACAGCTTAACTGTGGGCGTGCGGGCGATACGGGCAGACTAGAGTACTGCAGGGGAGACTGGAATTCCTGGTGTAGCGGTGGAATGCGCAGATATCAGGAGGAACACCGGTGGCGAAGGCGGGTCTCTGGGCAGTAACTGACGCTGAGGAGCGAAAGCGTGGGGAGCGAACAGG
35,,GACAAGGGAGACGAGTGTTATTCATCTTTAACAGGTATATAGGGTACCTAGACGGTGTGCAAAGGCTTAATTAAGAACCTGTTACACTTGAGTTTGATATGTGAGAGGAATATGTCGGAATTGTTGGTGTAAAGATGAAATTTGTTAATACCAATAGGACCGGTAACGGCGAAGGCAAACCTCTATGTACATGTACTTGCTTATTGTTCTAAAATAGAATATGTTTACTTTGTTAAAAGGGATGATTATAGGATGAACAGTAAAAAGCAAAGTGCTATAACTGACGTTGAGGGACGAAGGCTCAGATAGTGAAGAGG
33,"k:Bacteria,p:Firmicutes,c:Bacilli,o:Lactobacillales,f:Aerococcaceae,g:Alloiococcus",TACGTAGGTGACAAGCGTTGTCCGGATTTATTGGGCGTAAAGGGAGCGCAGGCGGTCTGTTTAGTCTAATGTGAAAGCCCACGGCTTAACCGTGGAACGGCATTGGAAACTGACAGACTTGAATGTAGAAGAGGAAAATGGAATTCCAAGTGTAGCGGTGGAATGCGTAGATATTTGGAGGAACACCAGTGGCGAAGGCGATTTTCTGGTCTAACATTGACGCTGAGGCTCGAAAGCGTGGGGAGCGAACAGG
33,"k:Bacteria,p:TM7,c:TM7-3,o:CW040",CGTAGGATCCGAGCGTTATCCGGAGTGACTGGGCGTAAAGAGTTGCGTAGGTGGTTCAATAAGCGAATAGTGAAAGCTGGTGGCTCAACCATTCAGATTATTATTCGAACTGTTGAACTCGAGAGCAGAAGAGGTAGCTGGAATTTCTAGTGTAGGAGTGAAATCCGTAGATATTAGAAGGAACACCGATGGCGTAGGCAGGCTACTGGGCTGTTTCTGACACTGAGGCACGAAAGCGTGGGGAGCGAACCGG
31,"k:Bacteria,p:Firmicutes,c:Bacilli,o:Lactobacillales,f:Streptococcaceae,g:Streptococcus,s:Streptococcus_anginosus",TACGTAGGTCCCGAGCGTTGTCCGGATTTATTGGGCGTAAAGCGAGCGCAGGCGGTTAGAAAAGTCTGAAGTGAAAGGCAGTGGCTCAACCATTGTAGGCTTTGGAAACTGTTTAACTTGAGTGCAGAAGGGGAGAGTGGAATTCCATGTGTAGCGGTGAAATGCGTAGATATATGGAGGAACACCGGTGGCGAAAGCGGCTCTCTGGTCTGTAACTGACGCTGAGGCTCGAAAGCGTGGGGAGCGAACAGG
30,"k:Bacteria,p:Actinobacteria,c:Actinobacteria,o:Actinomycetales,f:Dietziaceae,g:Dietzia",TACGTAGGGTGCGAGCGTTGTCCGGAATTACTGGGCGTAAAGAGCTCGTAGGCGGTTTGTCGCGTCGTCCGTGAAAACTCGGAGCTTAACTCCGAGCTTGCGGGCGATACGGGCAGACTTGAGTACTACAGGGGAGACTGGAATTCCTGGTGTAGCGGTGAAATGCGCAGATATCAGGAGGAACACCGGTGGCGAAGGCGGGTCTCTGGGTAGTAACTGACGCTGAGGAGCGAAAGCATGGGTAGCGAACAGG
30,"k:Bacteria,p:Firmicutes,c:Clostridia,o:Clostridiales,f:Veillonellaceae,g:Veillonella",TACGTAGGTGGCAAGCGTTGTCCGGAATTATTGGGCGTAAAGCGCGCGCAGGCGGCCTATCCAGTCTGTCTTAAAAGTTCGGGGCTCAACCCCGTGATGGGATGGAAACTAGTAGGCTAGAGTATCGGAGAGGAAAGCGGAATTCCTAGTGTAGCGGTGAAATGCGTAGATATTAGGAAGAACACCAGTGGCGAAGGCGGCTTTCTGGACGAAAACTGACGCTGAGGCGCGAAAGCAAGGGGAGCGAACGGG
27,"k:Bacteria,p:Chloroflexi,c:Ktedonobacteria,o:Ktedonobacterales,f:Ktedonobacteraceae",TACGTAGGGGGCAAGCGTTGTCCGGAGTTACTGGGCGTAAAGCGCACGCAGGCGGTCGATTAAGTTTGGAGTGACAGTTGGTGGCTTAACTGCCAAAGTGCTTTGAAAACTGATCGACTTGAGGGCTTCAGAGGGACACGGAATTCCGGGTGGAGTGGTGAAATGCGTAGAGATCCGGAGGAACACCGAAGGCGAAGGCAGTGTCCTGGGGAGTACCTGACGCTCAGGTGCGAAAGCCAGGGGAGCGAACGGG
25,"k:Bacteria,p:Firmicutes,c:Clostridia,o:Clostridiales,f:[Mogibacteriaceae]",TACGGAGGGGGCAAGCGTTATCCGGAATTATTGGGCGTAAAGGGTACGTAGGTGGCCTTTTAAGCGTAGGGTATAAGGCAATGGCTCAACCATTGTTCGCCCTATGAACTGGAAGGCTTGAGTGCAGGAGAGGAAAGCGGAATTCCTAGTGTAGCGGTGGAATGCATAGATATTAGGAGGAACATCAGCGGCGAAGGCGGCTTTCTGGACTGCAACTGACACTGAGGTACGAAAGCGTGGGGAGCAAACAGG
24,"k:Bacteria,p:Proteobacteria,c:Gammaproteobacteria,o:Pseudomonadales,f:Moraxellaceae,g:Psychrobacter",TACAGAGGGTGCAAGCGTTAATCGGAATTACTGGGCGTAAAGGGAGCGTAGGTGGCTCTATAAGTCAGATGTGAAATCCCCGGGCTTAACCTGGGAACTGCATCTGAAACTGTAGAGCTAGAGTATGTGAGAGGAAGGTAGAATTCCAGGTGTAGCGGTGAAATGCGTAGAGATCTGGAGGAATACCGATGGCGAAGGCAGCCTTCTGGCATAATACTGACACTGAGGCTCGAAAGCGTGGGTAGCAAACAGG
24,"k:Bacteria,p:Firmicutes,c:Clostridia,o:Clostridiales,f:[Tissierellaceae],g:Anaerococcus",TACGTAAGGACCGAGCGTTGTCCGGAATCATTGGGCGTAAAGGGTACGTAGGCGGGTCATTAAGTTAGAAGTCAAAGGCTATAGCTCAACTATAGTAAGCTTCTAAAACTGGCGACCTTGAGTAATGGAAGGGAAAGTGGAATTCCTAGTGTAGCGGTGGAATGCGCAGATATTAGGAGGAATACCGGTGGCGAAGGCGACTTTCTGGCCATTAACTGACGCTGAGGTACGAAAGCGTGGGTAGCAAACAGG
24,"k:Bacteria,p:Firmicutes,c:Bacilli,o:Gemellales,f:Gemellaceae,g:Gemella",TACGTAGGTGGCAAGCGTTGTCCGGAATTATTGGGCGTAAAGCGCGCGCAGGTGGTTTAATAAGTCTGATGTGAAAGCCCACGGCTCAACCGTGGAGGGTCATTGGAAACTGTTAAACTTGAGTGCAGGAGAGAAAAGTGGAATTCCTAGTGTAGCGGTGAAATGCGTAGAGATTAGGAGGAACACCAGTGGCGAAGGCGGCTTTTTGGCCTGTAACTGACACTGAGGCGCGAAAGCGTGGGGAGCAAACAGG
24,"k:Bacteria,p:Actinobacteria,c:Actinobacteria,o:Actinomycetales,f:Corynebacteriaceae,g:Corynebacterium",TACGTAGGGTGCGAGCGTTGTCCGGAATTACTGGGCGTAAAGAGCTCGTAGGTGGTTTGTCGCGTCGTTTGTGTAAGTCCACGGCTTAACTGTGGGATGGCAGGCGATACGGGCATAACTTGAGTGCTGTAGGGGAGACTGGAATTCCTGGTGTAGCGGTGAAATGCGCAGATATCAGGAGGAACACCGATGGCGAAGGCAGGTCTCTGGGCAGTAACTGACGCTGAGGAGCGAAAGCATGGGTAGCGAACAGG
24,"k:Bacteria,p:Fusobacteria,c:Fusobacteriia,o:Fusobacteriales,f:Leptotrichiaceae,g:Leptotrichia",TACGTATGTCGCGAGCGTTATCCGGAATTATTGGGCATAAAGGGCATCTAGGCGGCCTGACAAGTCAGGGGTGAAAACCTGCGGCTCAACCGCAGGCCTGCCTTTGAAACTGTGAGGCTGGAGTACCGGAGAGGTGGACGGAACTGCACGAGTAGAGGTGAAATTCGTAGATATGTGCAGGAATGCCGATGATGAAGATAGTTCACTGGACGGTAACTGACGCTGAAGTGCGAAAGCAGGGGGAGCGAACAGG
23,"k:Bacteria,p:Proteobacteria,c:Alphaproteobacteria,o:Rhizobiales,f:Phyllobacteriaceae,g:Mesorhizobium",TACGAAGGGGGCTAGCGTTGTTCGGAATTACTGGGCGTAAAGCGCACGTAGGCGGATACTTAAGTCAGGGGTGAAATCCCGGGGCTCAACCCCGGAACTGCCTTTGATACTGGGTATCTGGAGTCCGGAAGAGGTGAGTGGAATTCCGAGTGTAGAGGTGAAATTCGTAGATATTCGGAGGAACACCAGTGGCGAAGGCGGCTCACTGGTCCGGTACTGACGCTGAGGTGCGAAAGCGTGGGGAGCAAACAGG
23,"k:Bacteria,p:Proteobacteria,c:Gammaproteobacteria,o:Xanthomonadales,f:Sinobacteraceae",TACAGAGGGTGCAAGCGTTAATCGGAATTACTGGGCGTAAAGCGTGCGTAGACGGTTACATAAGTCGGGTGTGAAAGCCCCGGGCTCAACCTGGGAATTGCATTCGAGACTGCGTAGCTAGGGTGCGGAAGAGGGAAGCGGAATTTCCGGTGTAGCGGTGAAATGCGTAGATATCGGAAGGAACACCAGTGGCGAAAGCGGCTTCCTGGTCCAGCACCGACGTTCAGGCACGAAAGCGTGGGGAGCAAACAGG
22,"k:Bacteria,p:Armatimonadetes,c:[Fimbriimonadia],o:[Fimbriimonadales],f:[Fimbriimonadaceae],g:Fimbriimonas",CGTAGGGTGCAAGCGTTGTCCGGATTTACTGGGCGTAAAGAGCGCGTAGGCGGTCTGTTAAGTGTAGAGTGAAAGCTCCGGGCTCAACCTGGAAATTGCTCTGCATACTGGCAGACTTGAGGAATGGAGAGGTTTGTGGAATTCCTGGTGTAGCGGTGAAATGCATTGATATCAGGAGGAACACCGATGGCGAAGGCAGCAAACTGGCCATTATCTGACGCTGAGGCGCGAAAGCGTGGGTAGCAAACAGG
21,"k:Bacteria,p:Proteobacteria,c:Betaproteobacteria,o:Neisseriales,f:Neisseriaceae,g:Neisseria",TACGTAGGGTGCGAGCGTTAATCGGAATTACTGGGCGTAAAGCGAGCGCAGACGGTTACTTAAGCAGGATGTGAAATCCCCGGGCTCAACCTGGGAACTGCGTTCTGAACTGGGTGACTAGAGTGTGTCAGAGGGAGGTAGAATTCCACGTGTAGCAGTGAAATGCGTAGAGATGTGGAGGAATACCGATGGCGAAGGCAGCCTCCTGGGATAACACTGACGTTCATGCTCGAAAGCGTGGGTAGCAAACAGG
20,"k:Bacteria,p:Firmicutes,c:Bacilli,o:Lactobacillales,f:Aerococcaceae,g:Alloiococcus,s:Alloiococcus_otitis",TACGTAGGTGACAAGCGTTGTCCGGATTTATTGGGCGTAAAGCGAGCGCAGGCGGTCCGGTAAGTCTGATGTGAAAGCCCACGGCTCAACCGTGGAACGGCATTGGAAACTGGCGGACTTGAATGTAGCAGAGGAAAGTGGAATTCCATGTGTAGCGGTGGAATGCGTAGATATATGGAGGAACACCAGTGGCGAAAGCGACTTTCTGGGCTATGATTGACGCTGAGGCTCGAAAGCGTGGGGAGCGAACAGG
20,"k:Bacteria,p:Chloroflexi,c:Ktedonobacteria,o:Ktedonobacterales,f:Ktedonobacteraceae",TACGTAGGGGGCAAGCGTTATCCGGAATTACTGGGCGTAAAGCGCACGCAGGCGGTTCGCCAAGTTTGGAGTGACAGTTGTCGGCTCAACCGATAGAGGACTTCAAAAACTGGTGAACTTGAGAGCGAGAGAGGAACATGGAACTCCAGGTGTAGTAGTGAAATGCGTAGATATCTGGAAGAACACCAATGGCGAAGGCAATGTTCTGGCTCGTTTCTGACGCTCAGGTGCGAAAGCCAGGGGAGCGAACGGG
20,"k:Bacteria,p:Actinobacteria,c:Actinobacteria,o:Actinomycetales,f:Dermabacteraceae,g:Dermabacter",TACGTAGGGCGCAAGCGTTGTCCGGAATTATTGGGCGTAAAGGGCTTGTAGGTGGCTTGTCGCGTCTGCCGTGAAAACTCGAGGCTTAACCTTGGGCGTGCGGTGGGTACGGGCAGGCTAGAGTGCGGTAGGGGAGACTGGAATTCCTGGTGTAGCGGTGAAATGCGCAGATATCAGGAGGAACACCGATGGCGAAGGCAGGTCTCTGGGCCGTTACTGACACTGAGAAGCGAAAGCATGGGGAGCGAACAGG
19,"k:Bacteria,p:Actinobacteria,c:Actinobacteria,o:Actinomycetales,f:Actinomycetaceae,g:Actinomyces",TACGTAGGGCGCGAGCGTTGTCCGGAATTATTGGGCGTAAAGGGCTCGTAGGCGGTTTGTCGCGTCTAGCGTTTAAGGCTCGGGCTTAACCCGGGTTTGCGTTGGGTACGGGCAGGCTTGAGTGCGGTAGGGGTAACTGGAATTCCTGGTGTAGCGGTGGAATGCGCAGATATCAGGAGGAACACCGGTGGCGAAGGCGGGTTACTGGGCCGTTACTGACGCTGAGGAGCGAGAGCGTGGGGAGCGAACAGG
19,"k:Bacteria,p:Chloroflexi",GACGTAGGAGGCGAGCGTTGTCCGGAGTCACTGGGCGTAAAGGGCGCGCAGGCGGCCCCGCGCGCCGTTTCGTGAAAGCCCCCGGCTCAACCGGGCGGAGGCGGGCGGGACGGCGGGGCTGGAGGGTGGTAGGGGCCGGTGGAATTCCCGGTGTAGTGGTGAAATGCGTAGATACCGGGAGGAACACCCGCAGCGAAGGCGGCCGGCTGGGCCAACCCTGACGCTGAGGCGCGAAGGCTCGGGGAGCGAACGGG
18,"k:Bacteria,p:Cyanobacteria,c:Chloroplast,o:Streptophyta",GACAGAGGATGCAAGCGTTATCCGGAATGATTGGGCGTAAAGCGTCTGTAGGTGGCTTTTTAAGTTCGCCGTCAAATCCCAGGGCTCAACCCTGGACAGGTGGTGAAAACTATCAAGCTAGAGTACGGTAGGGGCAGAGGGAATTTCCGGTGGAGAGATGAAATGCGTAGAGATCGGAAGGAACACCAACGGCGAAAGCACTCTGCTGGGCCGACACTGACACTGAGAGACGAAAGCTAGGGGAGCGAATGGG
17,"k:Bacteria,p:Actinobacteria,c:Actinobacteria,o:Actinomycetales,f:Actinomycetaceae,g:Actinomyces",TACGTAGGGCGCGAGCGTTGTCCGGAATTATTGGGCGTAAAGGGCTTGTAGGCGGTTGGTCGCGTCTGCCGTGAAATCCTCTGGCTTAACTGGGGGCGTGCGGTGGGTACGGGCTGACTTGAGTGCGGTAGGGGAGACTGGAACTCCTGGTGTAGCGGTGGAATGCGCAGATATCAGGAAGAACACCGGTGGCGAAGGCGGGTCTCTGGGCCGTTACTGACGCTGAGGAGCGAAAGCGTGGGGAGCGAACAGG
16,,GACAAGGGAGACGAGTGTTATTCATCTTAAACCGGTCTATTGGGTACCTAGACTGTGTATGAAGGCTTTTATAGTACCTACTACACTAGAGTTTAATATGTGAGAGGAAGATGTCAGAATTATTGGAGTAGAGATGAAATCCTTTAATACTAATAGGACTGATAATGGCGAAGGCAAACCTCTATGTATATGTACTTTAAAGGAAGAACAATTTAATGAAAAGAGTTAAAGAATATATATTATCATATATGAAGAGATAGAGATAAGAAATGAGAACTAAAGTACTAAACTGACGTTGAGGGACGAAGGCTCAGAGAGTGAAGAGG
16,"k:Bacteria,p:Proteobacteria,c:Alphaproteobacteria,o:Ellin329",TACGAAGGGGGCTAGCGTTGTTCGGAATTACTGGGCGTAAAGCGTGCGCAGGCGGCTTCTCAAGTCAGTGGTGAAAGCCCGGAGCTCAACTCCGGAATTGCCATTGAAACTGTGAGGCTTGAGGACGAGAGAGGTGAGTGGAATTCCCAGTGTAGAGGTGAAATTCGTAGATATTGGGAAGAACACCGGTGGCGAAGGCGGCTCACTGGCTCGTTTCTGACGCTCATGCACGATAGCGTGGGGATCAAACAGG
16,"k:Bacteria,p:Firmicutes,c:Bacilli,o:Bacillales,f:Staphylococcaceae,g:Staphylococcus,s:Staphylococcus_sciuri",TACGTAGGTGGCAAGCGTTATCCGGAATTATTGGGCGTAAAGCGCGCGTAGGCGGTTTCTTAAGTCTGATGTGAAAGCCCACGGCTCAACCGTGGAGGGTCATTGGAAACTGGGGAACTTGAGTGCAGAAGAGGAGAGTGGAATTCCATGTGTAGCGGTGAAATGCGCAGAGATATGGAGGAACACCAGTGGCGAAGGCGGCTCTCTGGTCTGTAACTGACGCTGATGTGCGAAAGCGTGGGGATCAAACAGG
16,"k:Bacteria,p:Actinobacteria,c:Actinobacteria,o:Actinomycetales,f:Corynebacteriaceae,g:Corynebacterium,s:Corynebacterium_kroppenstedtii",TACGTAGGGTGCGAGCGTTGTCCGGAATTACTGGGCGTAAAGAGCTCGTAGGTGGTCTGTCGCGTCATTTGTGAAAGCCCGGGGCTTAACTCCGGGTTGGCAGGTGATACGGGCATGACTGGAGTACTGTAGGGGAGACTGGAATTCCTGGTGTAGCGGTGAAATGCGCAGATATCAGGAGGAACACCGGTGGCGAAGGCGGGTCTCTGGGCAGTAACTGACGCTGAGGAGCGAAAGCATGGGTAGCGAACAGG
16,"k:Bacteria,p:Firmicutes,c:Bacilli,o:Lactobacillales,f:Carnobacteriaceae,g:Granulicatella",TACGTAGGTGGCAAGCGTTGTCCGGATTTATTGGGCGTAAAGCGAGCGCAGGCGGTCAATTAAGTCTGATGTGAAAGCCCCCGGCTCAACCGGGGAGGGTCATTGGAAACTGGTTGACTTGAGTGCAGAAGAGGAGAGTGGAATTCCATGTGTAGCGGTGAAATGCGTAGATATATGGAGGAACACCAGTGGCGAAGGCGACTCTCTGGTCTGTAACTGACGCTGAGGCTCGAAAGCGTGGGTAGCAAACAGG
15,,GACAAGGGAGACGAGTGTTATTCATCTTCAACCGGTCTATTGGGTACCTAGACTGTGTATGAAGGCTTTTATAGTACCTACTACACTAGAGTTTAATATGTGAGAGGAAGATGTCAGAATTATTGGAGTAGAGATGAAATCCTTTAATACTAATAGGACTGATAATGGCGAAGGCAAACCTCTATGTATATGTACTTTAAAGGAAGAACAATTTAATGAAAAGAGTTAAAGAATATATATTATCATATATGAAGAGATAGAGATAATAAATGAGAACTAAAGTACTAAACTGACGTTGAGGGACGAAGGCTCAGAGAGTGAAGAGG
15,"k:Bacteria,p:Cyanobacteria,c:Chloroplast,o:Streptophyta",TACAGAGGATGCAAGCGTTATCCGGAATGATTGGGCGTAAAGCGTCTGTAGGTGGCTTTTTAAGTCCGCCGTCAAATCCCAGGGCTCAACTCTGGACAGGCGGTGGAAACTACCAAGCTGGAGTACGGTAGGGGCAGAGGGAATTTCCGGTGGAGCGGTGAAATGCGTAGAGATCGGAAAGAACACCAACGGCGAAAGCACTCTGCTGGGCCGACACTGACACTGAGAGACGAAAGCTAGGGGAGCGAATGGG
14,"k:Bacteria,p:Firmicutes,c:Bacilli,o:Lactobacillales,f:Streptococcaceae,g:Streptococcus",TACGTAGGTCCCGAGCGTTGTCCGGATTTATTGGGCGTAAAGCGAGCGCAGGCGGTTAGATAAGTCTGAAGTTAAAGGCTGTGGCTTAACCATAGTACGCTTTGGAAACTGTTTAACTTGAGTGCAGAAGGGGAGAGTGGAATTCCATGTGTAGCGGTGAAATGCGTAGATATATGGAGGAACACCGGTGGCGAAAGCGGCTCTCTGGTCTGTAACTGACGCTGAGGCTCGAAAGCGTGGGGAGCGAACAGG
14,"k:Bacteria,p:Proteobacteria,c:Alphaproteobacteria,o:Sphingomonadales,f:Sphingomonadaceae,g:Sphingomonas",TACGGAGGGCGCTAGCGTTATTCGGAATTACTGGGCGTAAAGCGCACGTAGGCGGCTTTGTAAGTTAGAGGTGAAAGCCTGGAGCTCAACTCCAGAATTGCCTTTAAGACTGCATCGCTTGAATCCAGGAGAGGTGAGTGGAATTCCGAGTGTAGAGGTGAAATTCGTAGATATTCGGAAGAACACCAGTGGCGAAGGCGGCTCACTGGACTGGTATTGACGCTGAGGTGCGAAAGCGTGGGGAGCAAACAGG
14,"k:Bacteria,p:Firmicutes,c:Clostridia,o:Clostridiales,f:Veillonellaceae,g:Selenomonas",TACGTAGGTGGCGAGCGTTGTCCGGAATCATTGGGCGTAAAGGGAGCGCAGGCGGGCATGTAAGTCTTTCTTAAAAGTTCGGGGCTCAACCCCGTGATGGGAAAGAAACTACATGTCTTGAGTACAGGAGAGGAAAGCGGAATTCCCAGTGTAGCGGTGAAATGCGTAGATATTGGGAGGAACACCAGTGGCGAAGGCGGCTTTCTGGACTGCAACTGACGCTGAGGCTCGAAAGCCAGGGGAGCGAACGGG
14,"k:Bacteria,p:Firmicutes,c:Bacilli,o:Lactobacillales,f:Streptococcaceae",TACGTAGGTGGCAAGCGTTGTCCGGATTTATTGGGCGTAAAGCGAGCGCAGGCGGTTCCTTAAGTCTGATGTGAAAGCCCCCGGCTCAACCGGGGAGGGTCATTGGAAACTGGGGAACTTGAGTGCAGAAGAGGAGAGTGGAATTCCATGTGTAGCGGTGAAATGCGTAGATATATGGAGGAACACCAGTGGCGAAGGCGACTCTCTGGTCTGTAACTGACGCTGAGGCTCGAAAGCGTGGGTAGCAAACAGG
14,"k:Bacteria,p:Bacteroidetes,c:Bacteroidia,o:Bacteroidales,f:[Paraprevotellaceae],g:[Prevotella]",TACGGAAGGTCCAGGCGTTATCCGGATTTATTGGGTTTAAAGGGAGCGTAGGCGGATTATTAAGTCAGTGGTGAAAGACGGTGGCTCAACCATCGTTAGCCATTGAAACTGGTAGTCTTGAGTGCAGACAGGGATGCTGGAACTCGTGGTGTAGCGGTGAAATGCTTAGATATCACGATGAACTCCGATCGCGAAGGCAGGTGTCCGGGCTGCAACTGACGCTGAGGCTCGAAAGTGTGGGTATCAAACAGG
14,"k:Bacteria,p:Proteobacteria,c:Gammaproteobacteria,o:Pasteurellales,f:Pasteurellaceae,g:Aggregatibacter",TACGGAGGGTGCGAGCGTTAATCGGAATAACTGGGCGTAAAGGGCACGCAGGCGGCTATTTAAGTGAGGTGTGAAATCCCCGGGCTTAACCTGGGAATTGCATTTCAGACTGGGTAGCTAGAGTACTTTAGGGAGGGGTAGAATTCCACGTGTAGCGGTGAAATGCGTAGAGATGTGGAGGAATACCGAAGGCGAAGGCAGCCCCTTGGGAATGTACTGACGCTCATGTGCGAAAGCGTGGGGAGCAAACAGG
14,"k:Bacteria,p:Firmicutes,c:Clostridia,o:Clostridiales,f:[Tissierellaceae],g:Anaerococcus",TACGTAAGGACCGAGCGTTGTCCGGAATCATTGGGCGTAAAGGGTACGTAGGCGGTTAAAAAAGTTAGAAGTGAAAGGCTATAGCTCAACTATAGTAAGCTTTTAAAACTGTTTAACTTGAGAGATGGAAGGGAAAGTGGAATTCCTAGTGTAGCGGTGAAATGCGCAGATATTAGGAGGAATACCGGTGGCGAAGGCGACTTTCTGGCCATTATCTGACGCTGAGGTACGAAAGCGTGGGTAGCAAACAGG
14,"k:Bacteria,p:Fusobacteria,c:Fusobacteriia,o:Fusobacteriales,f:Fusobacteriaceae,g:Fusobacterium",TACGTATGTCACGAGCGTTATCCGGATTTATTGGGCGTAAAGCGCGTCTAGGTGGTTATGTAAGTCTGATGTGAAAATGCAGGGCTCAACTCTGTATTGCGTTGGAAACTGTGTAACTAGAGTACTGGAGAGGTAAGCGGAACTACAAGTGTAGAGGTGAAATTCGTAGATATTTGTAGGAATGCCGATGGGGAAGCCAGCTTACTGGACAGATACTGACGCTGAAGCGCGAAAGCGTGGGTAGCAAACAGG
13,"k:Bacteria,p:Firmicutes,c:Clostridia,o:Clostridiales,f:[Tissierellaceae],g:Anaerococcus",TACGTACGGACCGAGCGTTGTCCGGAATCATTGGGCGTAAAGGGTACGTAGGCGGCTAGAAAAGTTAGAAGTCAAAGGCTATAGCTCAACTATAGTAAGCTTCTAAAACTATTTAGCTTGAGAAATGGAAGGGAAAGTGGAATTCCTAGTGTAGCGGTGGAATGCGCAGATATTAGGAAGAATACCGGTGGCGAAGGCGACTTTCTGGCCATTATCTGACGCTGAGGTACGAAAGCGTGGGTAGCAAACAGG
13,"k:Bacteria,p:Proteobacteria,c:Gammaproteobacteria,o:Pasteurellales,f:Pasteurellaceae,g:Aggregatibacter",TACGGAGGGTGCGAGCGTTAATCGGAATAACTGGGCGTAAAGGGCACGCAGGCGGACTTTTAAGTGAGGTGTGAAATCCCCGGGCTTAACCTGGGAATTGCATTTCAGACTGGGGGTCTAGAGTACTTTAGGGAGGGGTAGAATTCCACGTGTAGCGGTGAAATGCGTAGAGATGTGGAGGAATACCGAAGGCGAAGGCAGCCCCTTGGGAATGTACTGACGCTCATGTGCGAAAGCGTGGGGAGCAAACAGG
13,"k:Bacteria,p:Proteobacteria,c:Gammaproteobacteria,o:Pasteurellales,f:Pasteurellaceae,g:Haemophilus,s:Haemophilus_parainfluenzae",TACGGAGGGTGCGAGCGTTAATCGGAATAACTGGGCGTAAAGGGCACGCAGGCGGTGACTTAAGTGAGGTGTGAAAGCCCCGGGCTTAACCTGGGAATTGCATTTCATACTGGGTCGCTAGAGTACTTTAGGGAGGGGTAGAATTCCACGTGTAGCGGTGAAATGCGTAGAGATGTGGAGGAATACCGAAGGCGAAGGCAGCCCCTTGGGAATGTACTGACGCTCATGTGCGAAAGCGTGGGGAGCAAACAGG
13,"k:Bacteria,p:Proteobacteria,c:Gammaproteobacteria,o:Pseudomonadales,f:Pseudomonadaceae,g:Pseudomonas,s:Pseudomonas_viridiflava",TACAGAGGGTGCGAGCGTTAATCGGAATTACTGGGCGTAAAGCGCGCGTAGGTGGTTCGTTAAGTTGGATGTGAAAGCCCCGGGCTCAACCTGGGAACTGCATCCAAAACTGGCGAGCTAGAGTAGGGCAGAGGGTGGTGGAATTTCCTGTGTAGCGGTGAAATGCGTAGATATAGGAAGGAACACCAGTGGCGAAGGCGACCACCTGGGCTCATACTGACACTGAGGTGCGAAAGCGTGGGGAGTAAACAGG
13,"k:Bacteria,p:Firmicutes,c:Bacilli",TACGTAGGTGGCGAGCGTTGTCCGGATTTATTGGGCGTAAAGGGAGTGTAGGCGGTCTTTTAAGTCTGATGTGAAAGCCCACGGCTCAACCGTGGAGGGTCATTGGAAACTGGGAGACTTGAGTGCAGAAGAGGAGAGCGGAATTCCATGTGTAGCGGTGAAATGCGTAGATATATGGAGGAACACCAGTGGCGAAGGCGGCTCTCTGGTCTGTAACTGACGCTGAGGCTCGAAAGCGTGGGGAGCAAACAGG
12,"k:Bacteria,p:Firmicutes,c:Clostridia,o:Clostridiales,f:[Tissierellaceae],g:Peptoniphilus",TACGTAGGGGGCTAGCGTTGTCCGGAATCACTGGGCGTAAAGGGTTCGCAGGCGGAAATGCAAGTCAGATGTAAAAGGCAGTAGCTTAACTACTGTAAGCATTTGAAACTGCATATCTTGAGAAGAGTAGAGGTAAGTGGAATTTTTAGTGTAGCGGTGAAATGCGTAGATATTAAAAAGAATACCGGTGGCGAAGGCGACTTACTGGGCTCATTCTGACGCTGAGGAACGAAAGCGTGGGTAGCAAACAGG
12,"k:Bacteria,p:Proteobacteria,c:Alphaproteobacteria,o:Rhizobiales,f:Bradyrhizobiaceae",TACGAAGGGGGCTAGCGTTGCTCGGAATCACTGGGCGTAAAGGGTGCGTAGGTGGATCTTTAAGTCAGGGGTGAAATCCTGGAGCTCAACTCCAGAACTGCCTTTGATACTGAGGATCTTGAGTTCGGGAGAGGTAAGTGGAACTGCGAGTGTAGAGGTGAAATTCGTAGATATTCGCAAGAACACCAGTGGCGAAGGCGGCTTACTGGCCCGATACTGACACTGAGGCACGAAAGCGTGGGGAGCAAACAGG
12,"k:Bacteria,p:Proteobacteria,c:Betaproteobacteria,o:Burkholderiales,f:Comamonadaceae",TACGTAGGGTGCAAGCGTTAATCGGAATTACTGGGCGTAAAGCGTGCGCAGGCGGTTATATAAGACAGATGTGAAATCCCCGGGCTCAACCTGGGAACTGCATTTGTGACTGTATAGCTAGAGTACGGCAGAGGGGGATGGAATTCCGCGTGTAGCAGTGAAATGCGTAGATATGCGGAGGAACACCGATGGCGAAGGCAATCCCCTGGGCCTGTACTGACGCTCATGCACGAAAGCGTGGGGAGCAAACAGG
12,"k:Bacteria,p:Armatimonadetes,c:Armatimonadia,o:Armatimonadales,f:Armatimonadaceae",TACGTAGGGGGCGAGCGTTGTCCGAAGTTACTGGGCGTAAAGCGCGCGTAGGCGGTCCTTTAAGTCTGGTGTGAAAGGTTTGGGCTCAACCCGAACAGTGCACTGGATACTGGGGGACTTGAGTTAGGGAGAGGAGAGTGGAATTCCTGGTGTAGCGGTGAAATGCGTAGATATCAGGAGGAACACCGATGGCGAAGGCAGCTCTCTGGTCCTATACTGACGCTGAGGTGCGAAAGCGTGGGGAGCGAACGGG
12,"k:Bacteria,p:Firmicutes,c:Clostridia,o:Clostridiales,f:Veillonellaceae,g:Veillonella,s:Veillonella_dispar",TACGTAGGTGGCAAGCGTTGTCCGGAATTATTGGGCGTAAAGCGCGCGCAGGCGGATCAGTCAGTCTGTCTTAAAAGTTCGGGGCTTAACCCCGTGATGGGATGGAAACTGCTGATCTAGAGTATCGGAGAGGAAAGTGGAATTCCTAGTGTAGCGGTGAAATGCGTAGATATTAGGAAGAACACCAGTGGCGAAGGCGACTTTCTGGACGAACACTGACGCTGAGGCGCGAAAGCCAGGGGAGCGAACGGG
12,"k:Bacteria,p:Verrucomicrobia,c:[Spartobacteria],o:[Chthoniobacterales],f:[Chthoniobacteraceae],g:DA101",TACGGGGGGAGCAAGCGTTGTTCGGATTTACTGGGCGTAAAGGGCGCGTAGGCGGCGTGACAAGTCACTTGTGAAATCTCCGGGCTTAACCCGGAGCGGCCAAGTGATACTGTCGTGCTAGAGTGCGGAAGGGGCTACTGGAATTCTCGGTGTAGCGGTGAAATGCGTAGATATCGAGAGGAACACCTGCGGCGAAGGCGGGTAGCTGGGCCGACACTGACGCTGAGGCGCGAAAGCCAGGGGAGCGAACGGG
12,"k:Bacteria,p:Actinobacteria,c:Actinobacteria,o:Actinomycetales,f:Corynebacteriaceae,g:Corynebacterium",TACGTAGGGTGCGAGCGTTGTCCGGAATTACTGGGCGTAAAGAGCTCGTAGGTGGTTTGTCGCGTCGTCTGTGAAATTCCGGGGCTTAACTCCGGGCGTGCAGGCGATACGGGCATAACTGGAGTGCTGTAGGGGAGACTGGAATTCCTGGTGTAGCGGTGAAATGCGCAGATATCAGGAGGAACACCGATGGCGAAGGCAGGTCTCTGGGCAGTAACTGACGCTGAGGAGCGAAAGCATGGGTAGCGAACAGG
11,"k:Bacteria,p:Chloroflexi,c:C0119",TACGTAGGGGGCAAGCGTTGTCCGGATTTACTGGGCGTAAAGCGCGTGTAGGTGGCTGGGTAAGTCTGCTGTGAAAGCTCCTCGCTTAACGGGGAGAGGTCAGTGGAAACTACTCGGCTTGAGGACGGTAGAGGAGAGTGGAATTCCCGGTGTAGTGGTGAAATGCGTAGATATCGGGAGGAACACCAGTGGCGAAGGCGGCTCTCTGGGCCGCTCCTGACGCTGAGACGCGAAGGCCAGGGTAGCGAACGGG
11,,GACAAGGGAGACGAGTGTTATTCATCTTCAACCGGTATATTGGGTACCTAGACTGTGTATGAAGGCTTTTATAGTACCTACTACACTAGAGTTTAATATGTGAGAGGAAGATGTCAGAATTATTGGAGTAGAGATGAAATCCTTTAATACTAATAGGACTGATAATGGCGAAGGCAAACCTCTATGTATATGTACTTTAAAGGAAGAACAATTTAATGAAAAGAGTTAAAGAAGATATATTATCATATATGAAGAGATAGAGATAATAAATGAGAACTAAAGTACTAAACTGACGTTGAGGGACGAAGGCTCAGAGAGTGAAGAGG
11,"k:Bacteria,p:Proteobacteria,c:Gammaproteobacteria,o:Pseudomonadales,f:Moraxellaceae,g:Enhydrobacter",TACAGAGGGTGCGAGCGTTAATCGGAATTACTGGGCGTAAAGCGAGTGTAGGTGGCTCATTAAGTCACATGTGAAATCCCCGGGCTTAACCTGGGAACTGCATGTGATACTGGTGGTGCTAGAATATGTGAGAGGGAAGTAGAATTCCAGGTGTAGCGGTGAAATGCGTAGAGATCTGGAGGAATACCGATGGCGAAGGCAGCTTCCTGGCATAATATTGACACTGAGATTCGAAAGCGTGGGTAGCAAACAGG
10,"k:Bacteria,p:Proteobacteria,c:Gammaproteobacteria,o:Pseudomonadales,f:Moraxellaceae,g:Acinetobacter,s:Acinetobacter_lwoffii",TACAGAGGGTGCAAGCGTTAATCGGATTTACTGGGCGTAAAGCGCGCGTAGGTGGCCAATTAAGTCAAATGTGAAATCCCCGAGCTTAACTTGGGAATTGCATTCGATACTGGTTGGCTAGAGTATGGGAGAGGATGGTAGAATTCCAGGTGTAGCGGTGAAATGCGTAGAGATCTGGAGGAATACCGATGGCGAAGGCAGCCATCTGGCCTAATACTGACACTGAGGTGCGAAAGCATGGGGAGCAAACAGG
10,"k:Bacteria,p:Proteobacteria,c:Alphaproteobacteria,o:Sphingomonadales,f:Sphingomonadaceae,g:Sphingomonas,s:Sphingomonas_azotifigens",TACGGAGGGGGCTAGCGTTGTTCGGAATTACTGGGCGTAAAGCGCACGTAGGCGGCTTTGTAAGTCAGAGGTGAAAGCCTGGAGCTCAACTCCAGAACTGCCTTTGAGACTGCATCGCTTGAATCCAGGAGAGGTGAGTGGAATTCCGAGTGTAGAGGTGAAATTCGTAGATATTCGGAAGAACACCAGTGGCGAAGGCGGCTCACTGGACTGGTATTGACGCTGAGGTGCGAAAGCGTGGGGAGCAAACAGG
10,"k:Bacteria,p:Firmicutes,c:Bacilli,o:Lactobacillales,f:Streptococcaceae,g:Streptococcus",TACGTAGGTCCCGAGCGTTGTCCGGATTTATTGGGCGTAAAGCGAGCGCAGGCGGTTTGATAAGTCTGAAGTTAAAGGCTGTGGCTCAACCATAGTTCGCTTTGGAAACTGTCAAACTTGAGTGCAGAAGGGGAGAGTGGAATTCCATGTGTAGCGGTGAAATGCGTAGATATATGGAGGAACACCGGTGGCGAAAGCGGCTCTCTGGTCTGTAACTGACGCTGAGGCTCGAAAGCGTGGGGAGCGAACAGG
10,"k:Bacteria,p:Proteobacteria,c:Betaproteobacteria,o:Burkholderiales,f:Comamonadaceae",TACGTAGGGTGCAAGCGTTAATCGGAATTACTGGGCGTAAAGCGTGCGCAGGCGGTTATGTAAGACAGATGTGAAATCCCCGGGCTCAACCTGGGAACTGCATTTGTGACTGCATAGCTGGAGTACGGCAGAGGGGGATGGAATTCCGCGTGTAGCAGTGAAATGCGTAGATATGCGGAGGAACACCGATGGCGAAGGCAATCCCCTGGGCCTGTACTGACGCTCATGCACGAAAGCGTGGGGAGCAAACAGG
10,"k:Bacteria,p:Actinobacteria,c:Actinobacteria,o:Actinomycetales,f:Corynebacteriaceae,g:Corynebacterium",TACGTAGGGTGCGAGCGTTGTCCGGAATTACTGGGCGTAAAGAGCTCGTAGGCGGTTTGTCACGTCGTCTGTGAAATCCTAGGGCTTAACCCTGGACGTGCAGGCGATACGGGCTGACTTGAGTACTATAGGGGAGACTGGAATTTCTGGTGTAGCGGTGGAATGCACAGATATCAGGAAGAACACCGATGGCGAAGGCAGGTCTCTGGGTAGTAACTGACGCTGAGGAGCGAAAGCATGGGTAGCTAACAGG
10,"k:Bacteria,p:Proteobacteria,c:Alphaproteobacteria,o:Rhizobiales,f:Phyllobacteriaceae,g:Phyllobacterium",TACGAAGGGGGCTAGCGTTGTTCGGATTTACTGGGCGTAAAGCGCACGTAGGCGGACTATTAAGTCAGGGGTGAAATCCCGGGGCTCAACCCCGGAACTGCCTTTGATACTGGTAGTCTTGAGTTCGAGAGAGGTGAGTGGAATTCCGAGTGTAGAGGTGAAATTCGTAGATATTCGGAGGAACACCAGTGGCGAAGGCGGCTCACTGGCTCGATACTGACGCTGAGGTGCGAAAGCGTGGGGAGCAAACAGG
10,"k:Bacteria,p:Proteobacteria,c:Alphaproteobacteria,o:Rhizobiales,f:Bradyrhizobiaceae,g:Bradyrhizobium,s:Bradyrhizobium_elkanii",TACGAAGGGGGCTAGCGTTGCTCGGAATCACTGGGCGTAAAGGGTGCGTAGGCGGGTCTTTAAGTCAGGGGTGAAATCCTGGAGCTCAACTCCAGAACTGCCTTTGATACTGAAGATCTTGAGTTCGGGAGAGGTGAGTGGAACTGCGAGTGTAGAGGTGAAATTCGTAGATATTCGCAAGAACACCAGTGGCGAAGGCGGCTCACTGGCCCGATACTGACGCTGAGGCACGAAAGCGTGGGGAGCAAACAGG
9,"k:Bacteria,p:Proteobacteria,c:Betaproteobacteria,o:Neisseriales,f:Neisseriaceae,g:Neisseria",TACGTAGGGTGCGAGCGTTAATCGGAATTACTGGGCGTAAAGCGAGCGCAGACGGTTACTTAAGCAGGATGTGAAATCCCCGGGCTTAACCTGGGAACTGCGTTCTGAACTGGGTGACTAGAGTGTGTCAGAGGGAGGTAGAATTCCACGTGTAGCAGTGAAATGCGTAGAGATGTGGAGGAATACCGATGGCGAAGGCAGCCTCCTGGGATAACACTGACGTTCATGCTCGAAAGCGTGGGTAGCAAACAGG
9,"k:Bacteria,p:Proteobacteria,c:Betaproteobacteria,o:Rhodocyclales,f:Rhodocyclaceae,g:Hydrogenophilus",TACGTAGGGTGCGAGCGTTAATCGGATTTACTGGGCGTAAAGCGTGCGCAGGCGGCCCGTTAAGACAGGTGTGAAATCCCTGGGCTCAACCTAGGAATTGCGCTTGTGACTGGCGGGCTCGAGTACGGTAGAGGGGGGTGGAATTCCTGGTGTAGCAGTGAAATGCGTAGAGATCAGGAGGAACACCGATGGCGAAGGCAGCCCCCTGGGCCTGTACTGACGCTCATGCACGAAAGCGTGGGGAGCAAACAGG
9,"k:Bacteria,p:Proteobacteria,c:Betaproteobacteria,o:Burkholderiales,f:Burkholderiaceae,g:Lautropia",TACGTAGGGTGCAAGCGTTAATCGGAATTACTGGGCGTAAAGAGTGCGCAGGCGGTTTTGCAAGACCGATGTGAAATCCCCGGGCTTAACCTGGGAACTGCATTGGTGACTGCAAGGCTAGAGTGTGTCAGAGGGAGGTGGAATTCCGCATGTAGCAGTGAAATGCGTAGATATGCGGAGGAACACCGATGGCGAAGGCAGCCTCCTGGGATAACACTGACGCTCATGCACGAAAGCGTGGGGAGCAAACAGG
9,"k:Bacteria,p:Chloroflexi,c:Thermomicrobia,o:JG30-KF-CM45",TACGTAGGGTCCGAGCGTTGTCCGGAGTTACTGGGCGTAAAGCGCGCGCAGGCGGCGGTGTAAGCATGGCGTGAAAGCCCCAGGCTCAACCTGGGAGGGTCGTCGTGGACTGCACCGCTTGAGGGCGGTAGGGGCTGGTGGAATGCCTGGTGTAGTGGTGAAATGCGTAGAGATCAGGCGGAACACCCGTGGCGAAGGCGGCCAGCTGGGCCGTCCCTGACGCTGAGGCGCGAAGGCGTGGGGAGCGAACGGG
9,,GACAAGGGAGACGAGTGTTATTCATCTTAAACCGGTCTATTGGGTACCTAGACTGTGTATTAAGGCTTTTATAGTACCTACTACACTAGAGTTTAATATGTGAGAGGAAGATGTCAGAATTATTGGAGTAGAGATGAAATCCTTTAATACTAATAGGACTGATAATGGCGAAGGCAAACCTCTATGTATATGTACTTTAAAGGAAGAACAATTTAATGAAAAGAGTTAAAGAATATATATTAGCATATATGAAGATATAGAGATAATAAATGAGAACTAAAGTACTAAACTGACGTTGAGGGACGAAGGCTCAGAGAGTGAAGAGG
9,"k:Bacteria,p:Proteobacteria,c:Alphaproteobacteria,o:Sphingomonadales",TACGGAGGGAGCTAGCGTTGTTCGGAATTACTGGGCGTAAAGCGCACGTAGGCGGCTCAGCAAGTCAGGGGTGAAATCCCGGGGCTCAACCCCGGAACTGCCCTTGAAACTGCTAAGCTAGAATCCTGGAGAGGCGAGTGGAATTCCGAGTGTAGAGGTGAAATTCGTAGATATTCGGAAGAACACCAGTGGCGAAGGCGACTCGCTGGACAGGTATTGACGCTGAGGTGCGAAAGCGTGGGGAGCAAACAGG
9,"k:Bacteria,p:Actinobacteria,c:Actinobacteria,o:Actinomycetales,f:Sporichthyaceae",TACGTAGGGTGCAAGCGTTGTCCGGAATTATTGGGCGTAAAGAGCTCGTAGGCGGTCTGTCGCGTCGGCTGTGAAATCTCGGGGCTCAACCCCGAGCCTGCAGTCGATACGGGCAGACTAGAGTGCTGTAGGGGAGACTGGAATTCCTGGTGTAGCGGTGAAATGCGCAGATATCAGGAGGAACACCGGTGGCGAAGGCGGGTCTCTGGGCAGTAACTGACGCTGAGGAGCGAAAGCGTGGGGAGCGAACAGG
8,"k:Bacteria,p:Actinobacteria,c:Actinobacteria,o:Actinomycetales,f:Cellulomonadaceae,g:Cellulomonas",TACGTAGGGCGCAAGCGTTGTCCGGAATTATTGGGCGTAAAGAGCTCGTAGGCGGTTTGTCGCGTCTGCTGTGAAAACCTAAGGCTCAACCTTGGGCTTGCAGTGGGTACGGGCAGACTAGAGTGCGGTAGGGGTGACTGGAATTCCTGGTGTAGCGGTGGAATGCGCAGATATCAGGAGGAACACCGATGGCGAAGGCAGGTCACTGGGCCGCAACTGACGCTGAGGAGCGAAAGCATGGGGAGCGAACAGG
8,"k:Bacteria,p:Actinobacteria,c:Actinobacteria,o:Actinomycetales,f:Micromonosporaceae",GACGTAGGGCGCGAGCGTTGTCCGGATTTATTGGGCGTAAAGAGCTCGTAGGCGGCTTGTCGCGTCGACTGTGAAAACCCGCAGCTCAACTGCGGGCCTGCAGTCGATACGGGCAGGCTAGAGTTCGGTAGGGGAGACTGGAATTCCTGGTGTAGCGGTGAAATGCGCAGATATCAGGAGGAACACCGGTGGCGAAGGCGGGTCTCTGGGCCGATACTGACGCTGAGGAGCGAAAGCGTGGGGAGCGAACAGG
8,"k:Bacteria,p:Actinobacteria,c:Thermoleophilia,o:Solirubrobacterales,f:Conexibacteraceae",TACGTAGGGGGCAAGCGTTGTCCGGAATCATTGGGCGTAAAGCGCGTGTAGGCGGCCAGGTAAGTCCGTTCTGAAAGCCCGGGGCTCAACCCCGGGAGGCGGATGGATACTGCTTGGCTCGAGTCCGGAAGAGGCGAGTGGAATTCCCGGTGTAGCGGTGAAATGCGCAGATATCGGGAGGAACACCAATGGCGAAGGCAGCTCGCTGGGACGGTACTGACGCTGAGACGCGAAAGCGTGGGGAGCAAACAGG
8,"k:Bacteria,p:Bacteroidetes,c:Bacteroidia,o:Bacteroidales,f:[Paraprevotellaceae],g:Paraprevotella",TACGTAGGTTGCAAGCGTTGTCCGGATTTACTGGGTGTAAAGGGCGTGTAGGCGGGCAGTCAAGTCAGCGGTCAAATGGCGCGGCTCAACCGCGTTCCGCCGTTGAAACTGGCAGCCTTGAGTATGCACAGGGTACATGGAATTCGTGGTGTAGCGGTGAAATGCTTAGATATCACGAGGAACTCCGATCGCGCAGGCATTGTACCGGGGCATTACTGACGCTGAGGCTCGAAGGTGCGGGTATCAAACAGG
8,"k:Bacteria,p:Actinobacteria,c:Actinobacteria,o:Actinomycetales,f:Gordoniaceae,g:Gordonia",TACGTAGGGTGCGAGCGTTGTCCGGAATTACTGGGCGTAAAGAGCTCGTAGGCGGTTTGTCGCGTCGTCTGTGAAATTCTGCAACTCAATTGCAGGCGTGCAGGCGATACGGGCAGACTTGAGTACTACAGGGGAGACTGGAATTCCTGGTGTAGCGGTGAAATGCGCAGATATCAGGAGGAACACCGGTGGCGAAGGCGGGTCTCTGGGTAGTAACTGACGCTGAGGAGCGAAAGCGTGGGTAGCGAACAGG
8,"k:Bacteria,p:Proteobacteria,c:Gammaproteobacteria,o:Enterobacteriales,f:Enterobacteriaceae,g:Erwinia",TACGGAGGGTGCAAGCGTTAATCGGAATTACTGGGCGTAAAGCGCACGCAGGCGGTCTGTTAAGTCAGATGTGAAATCCCCGGGCTTAACCTGGGAACTGCATTTGAAACTGGCAGGCTTGAGTCTTGTAGAGGGGGGTAGAATTCCAGGTGTAGCGGTGAAATGCGTAGAGATCTGGAGGAATACCGGTGGCGAAGGCGGCCCCCTGGACAAAGACTGACGCTCAGGTGCGAAAGCGTGGGGAGCAAACAGG
8,"k:Bacteria,p:Actinobacteria,c:Actinobacteria,o:Actinomycetales,f:Corynebacteriaceae,g:Corynebacterium",TACGTAGGGTGCGAGCGTTGTCCGGAATTACTGGGCGTAAAGAGCTCGTAGGTGGTTTGTTGCGTCGTCTGTGAAATTCCGGGGCTTAACTTCGGGGTGGCAGGCGATACGGGCATAACTAGAGTGCTGTAGGGGAGACTGGAATTCCTGGTGTAGCGGTGGAATGCGCAGATATCAGGAGGAACACCGATGGCGAAGGCAGGTCTCTGGGCAGTAACTGACGCTGAGGAGCGAAAGCATGGGGAGCGAACAGG
8,"k:Bacteria,p:Proteobacteria,c:Gammaproteobacteria,o:Pseudomonadales,f:Moraxellaceae,g:Moraxella",TACAGAGGGTGCAAGCGTTAATCGGAATTACTGGGCGTAAAGCGCGCGTAGGTGGTTATTTAAGTCAGATGTGAAAGCCCCGGGCTTAACCTGGGAACTGCATCTGATACTGGATAACTAGAGTAGGTGAGAGGGGAGTAGAATTCCAGGTGTAGCGGTGAAATGCGTAGAGATCTGGAGGAATACCGATGGCGAAGGCAGCTCCCTGGCATCATACTGACACTGAGGTGCGAAAGCGTGGGTAGCAAACAGG
8,"k:Bacteria,p:TM7,c:TM7-3",CGTAGGGTGCAAGCATTATCCGGAGTGACTGGGCGTAAAGAGTTGCGTAGGCGGTTAGTAAAGCGAATAGTGAAACCTGGTGGCTCAACCATTCAGACTATTATTCGAACTCACTAACTCGAGAATGGTAGAGGTAATTGGAATTTCTTGTGTAGGAGTGAAATCCGTAGATATAAGAAGGAACACCAATGGCGTAGGCAGATTACTGGACCATTTCTGACGCTAAGGCACGAAAGCGTGGGGAGCGAACCGG
8,,GTGTCAGCCGCCGCTTCCCCTTCTGTCTCTATGGGAGAGGATTCGGCATCCGCTTCATCATGATACCACGTATAACGACGCTCTCCTTGTTTCGCCTTCGTCTTCGCATGTTCGAGCGATATAGTGCATATCGCTTGATGTACTCGGGCTTCTTCTTTCTCTGGGTTGGGCATATCCTGGGCGTTCTGTCGACTGGCATTGTAGGCACTATATCATTTATCACTTTGGTCGGGTGATTATGGGAATGGGGTTTGGCTGGGA
8,,GACAAGGGAGACGAGTGTTATTCATCTTTAACAGGTATATAGGGTACCTAGACGGTGTGCAAAGGCTTAATTAAGAACCTGTTACACTTGAGTTTGATATGTGAGAGGAATATGTCGGAATTGTTGGTGTAAAGATGAAATTTGTTAATACCAATAGGACCGGTAACGGCGAAGGCAAACCTCTATGTACATGTACTTGCTTATTGTTCTAAAATAGAATATGTTTACTTTGTTAAAAGGGATGAGTATAGGATGAACAGTAAAAAGCAAAGTGCTATAACTGACGTTGAGGGACGAAGGCTCAGATAGTGAAGAGG
8,"k:Bacteria,p:Chloroflexi",TACGTAGGGGGCAAGCGTTGTCCGGATTTACTGGGCGTAAAGCGCGTGTAGGTGGCTGGGTAAGTCTGCTGTGAAAGCTCCTCGCTTAACGGGGAGAGGTCAGTGGAAACTACTCGGCTTGAGGACGGTAGAGGAGAGTGGAATTCCCGGTGTAGTGGTGAAATGCGTAGATATCGGGAGGAACACCAGTGGCGAAGGCGGCTCTCTGGGCCGCTTCTGACGCTGAGACGCGAAGGCCAGGGTAGCGAACGGG
7,"k:Bacteria,p:Firmicutes,c:Clostridia,o:Clostridiales,f:Lachnospiraceae,g:Oribacterium",TACGTAGGGGGCAAGCGTTATCCGGATTTACTGGGTGTAAAGGGAGCGTAGACGGAATGGCAAGTCTGAAGTGAAATACCCGGGCTCAACCTGGGAACTGCTTTGGAAACTGTTGTTCTAGAGTGTTGGAGAGGTAAGTGGAATTCCTGGTGTAGCGGTGAAATGCGTAGATATCAGGAAGAACACCGGAGGCGAAGGCGGCTTACTGGACAATAACTGACGTTGAGGCTCGAAAGCGTGGGGATCAAACAGG
7,"k:Bacteria,p:Gemmatimonadetes,c:Gemm-3",TACAGAGGGTGCGAGCGTTGTTCGGAATTACTGGGCGTAAAGCGCGCGTAGGCGGTCGTTTAAGTCTTACCGTGAAATGCCGGGGCTCAACCCCGCGCACGTCGGGGGATACTGGACGACTGGAGACAAGTAGAGGCGAGCGGAATTCCGGGTGTAGCGGTGGAATGCGTAGAGATCCGGAAGAACACCAGAGGCGAAGGCGGCTCGCTGGGCTTGGTCTGACGCTGAGGCGCGAAAGCGTGGGGAGCGAACAGG
7,"k:Bacteria,p:Proteobacteria,c:Betaproteobacteria,o:Neisseriales,f:Neisseriaceae",TACGTAGGGTGCGAGCGTTACTCGGAATTATTGGGCGTAAAGCGAGTGTAGACGGTTATTTAAGCCAGATGTGAAATACCCGAGCCTAACTTGGGAGGTGCATATGGAACTGGGTAGCTAGAGTGTGTCAGAGGGAGGTAGAACTCCACGTGTAGCAGTGAAATGCGTAGAGATGTGGAAGAATACCGATGGCGAAGGCAGCCTCCTGGGATAACACTGACGTTGAGGCTCGAAAGCGTGGGGAGCAAACAGG
7,"k:Bacteria,p:Actinobacteria,c:Actinobacteria,o:Bifidobacteriales,f:Bifidobacteriaceae,g:Bifidobacterium",TACGTAGGGTGCAAGCGTTATCCGGATTTATTGGGCGTAAAGAGCTCGTAGGCGGTTCGTCGCGTCTGGTGTGAAAGTCCATCGCTTAACGGTGGATCGGCGCCGGGTACGGGCGGACTGGAGTGCGGTAGGGGAGACTGGAATTCCCGGTGTAACGGTGGAATGTGTAGATATCGGGAAGAACACCGATGGCGAAGGCAGGTCTCTGGGCCGTCACTGACGCTGAGGAGCGAAAGCGTGGGGAGCGAACAGG
7,"k:Bacteria,p:Actinobacteria,c:Actinobacteria,o:Actinomycetales,f:Actinomycetaceae,g:Actinomyces",TACGTAGGGCGCGAGCGTTGTCCGGAATTATTGGGCGTAAAGGGCTTGTAGGCGGCTTGTCGCGTCTGCCGTGAAATCCTGGGGCTTAACCTTGGGCTTGCGGTGGGTACGGGCTGGCTTGAGTGCGGTAGGGGAGACTGGAATTCCTGGTGTAGCGGTGGAATGCGCAGATATCAGGAGGAACACCGGTTGCGAAGGCGGGTCTCTGGGCCGTTACTGACGCTGAGGAGCGAAAGCGTGGGGAGCGAACAGG
7,"k:Bacteria,p:Proteobacteria,c:Gammaproteobacteria,o:Enterobacteriales,f:Enterobacteriaceae,g:Serratia,s:Serratia_marcescens",TACGGAGGGTGCAAGCGTTAATCGGAATTACTGGGCGTAAAGCGCACGCAGGCGGTTTGTTAAGTCAGATGTGAAATCCCCGGGCTCAACCTGGGAACTGCATTTGAAACTGGCAAGCTAGAGTCTCGTAGAGGGGGGTAGAATTCCAGGTGTAGCGGTGAAATGCGTAGAGATCTGGAGGAATACCGGTGGCGAAGGCGGCCCCCTGGACGAAGACTGACGCTCAGGTGCGAAAGCGTGGGGAGCAAACAGG
7,"k:Bacteria,p:Firmicutes,c:Clostridia,o:Clostridiales,f:Veillonellaceae,g:Veillonella,s:Veillonella_dispar",TACGTAGGTGGCAAGCGTTGTCCGGAATTATTGGGCGTAAAGCGCGCGCAGGCGGATCAGTCAGTCTGTCTTAAAAGTTCGGGGCTTAACCCCGTGATGGGATGGAAACTGCTGATCTAGAGTATCGGAGAGGAAAGTGGAATTCCTAGTGTAGCGGTGAAATGCGTAGATATTAGGAAGAACACCAGTGGCGAAGGCGACTTTCTGGACGAAAACTGACGCTGAGGCGCGAAAGCCAGGGGAGCGAACGGG
7,"k:Bacteria,p:Cyanobacteria,c:4C0d-2,o:MLE1-12",GACGTAGGATGCAAGCGTTGTCCGGATTTATTGGGCGTAAAGAGTTCGTAGGCGGTTTGTTAAGTCTGATGTTAAAGACCGGGGCTCAACCTCGGAAATGCATTGGATACTGGCAGACTGGAGTGCAGTAGAGGCTAGTGGAATTCCCAGTGTAGCGGTGAAATGCGTAGATATTGGGAAGAACACCGGTGGCGTAGGCGACTAGCTGGGCTGTAACTGACGCTGAGGAACGAAAGCCAGGGGAGCAAATGGG
7,"k:Bacteria,p:Proteobacteria,c:Gammaproteobacteria,o:Pseudomonadales,f:Pseudomonadaceae,g:Pseudomonas",TACAGAGGGTGCAAGCGTTAATCGGAATTACTGGGCGTAAAGCGCGCGTAGGTGGTTTGTTAAGTTGGATGTGAAATCCCCGGGCTCAACCTGGGAACTGCATTCAAAACTGACTGACTAGAGTATGGTAGAGGGTGGTGGAATTTCCTGTGTAGCGGTGAAATGCGTAGATATAGGAAGGAACACCAGTGGCGAAGGCGACCACCTGGACTAATACTGACACTGAGGTGCGAAAGCGTGGGGAGCAAACAGG
7,"k:Bacteria,p:Firmicutes,c:Clostridia,o:Clostridiales,f:[Tissierellaceae],g:Anaerococcus",TACGTAAGGTCCGAGCGTTGTCCGGAATCATTGGGCGTAAAGGGTACGTAGGCGGATAAGCAAGTTAGAAGTTAAATCCTATAGCTCAACTATAGCAAGCTTTTAAAACTGCTCATCTTGAGGTATGGAAGGGAAAGTGGAATTCCTAGTGTAGCGGTGAAATGCGCAGATATTAGGAGGAATACCGGTGGCGAAGGCGACTTTCTGGCCATAAACTGACGCTGAGGTACGAAAGCGTGGGTAGCAAACAGG
7,"k:Bacteria,p:Proteobacteria,c:Gammaproteobacteria,o:Pseudomonadales,f:Pseudomonadaceae,g:Pseudomonas,s:Pseudomonas_viridiflava",TACAGAGGGTGCGAGCGTTAATCGGAATTACTGGGCGTAAAGCGCGCGTAGGTGGTTCGTTAAGTTGGATGTGAAAGCCCCGGGCTCAACCTGGGAACTGCATCCAAAACTGGCGAGCTAGAGTAGGGCAGAGGGTGGTGGAATTTCCTGTGTAGCGGTGAAATGCGTAGATATAGGAAGGAACACCAGTGGCGAAGGCGACCACCTGGGCTCATACTGACACTGAGGTGCGAAAGCGTGGGGAGCAAACAGG
7,"k:Bacteria,p:Proteobacteria,c:Gammaproteobacteria,o:Pasteurellales,f:Pasteurellaceae,g:Haemophilus,s:Haemophilus_influenzae",TACGGAGGGTGCGAGCGTTAATCGGAATAACTGGGCGTAAAGGGCACGCAGGCGGTTATTTAAGTGAGGTGTGAAAGCCCCGGGCTTAACCTGGGAATTGCATTTCAGACTGGGTAACTAGAGTACTTTAGGGAGGGGTAGAATTCCACGTGTAGCGGTGAAATGCGTAGAGATGTGGAGGAATACCGAAGGCGAAGGCAGCCCCTTGGGAATGTACTGACGCTCATGTGCGAAAGCGTGGGGAGCAAACAGG
7,,GACAAGGGAGACGAGTGTTATTCATCTTTAACAGGTATATAGGGTACCTAGACGGTGTGCAAAGGCTTAATTAAGAACCTGTTACACTTGAGTTTGATATGTGAGAGGAATATGTCGGAATTGTTGGTGTAAAGATGAAATTTGTTAATACCAATAGGACCGGTAACGGCGAAGGCAAACCTCTATGTACATGTACTTGCTTATTGTTCTAAAATAGAATATGTTTACTTTGTTAAAAGGGATGATGATAGGATGAACAGTAAAAAGCAAAGTGCTATAACTGACGTTGAGGGACGAAGGCTCAGATAGTGAAGAGG
6,"k:Bacteria,p:Firmicutes,c:Bacilli,o:Bacillales,f:Staphylococcaceae,g:Staphylococcus",TACGTAGGTGGCAAGCGTTATCCGGAATTATTGGGCGTAAAGCGCGCGTAGGCGGTTTCTTAAGTCTGATGTGAAAGCCCACGGCTCAACCGTGGAGGGTCATTGGAAACTGGGAAACTTGAGTACAGAAGAGGAAAGTGGAATTCCATGTGTAGCGGTGAAATGCGCAGAGATATGGAGGAACACCAGTGGCGAAGGCGACTTTCTGGTCTGTAACTGACGCTGATGTGCGAAAGCGTGGGGATCAAACAGG
6,"k:Bacteria,p:Actinobacteria,c:Actinobacteria,o:Actinomycetales,f:Corynebacteriaceae,g:Corynebacterium",TACGTAGGGTGCGAGCGTTGTCCGGAATTACTGGGCGTAAAGAGCTCGTAGGTGGTTTGTCGCGTCGTTTGTGTAATACCGCAGCTTAACTGCGGGGTTGCAGGCGATACGGGCATAACTTGAGTGCTGTAGGGGAGACTGGAATTCCTGGTGTAGCGGTGGAATGCGCAGATATCAGGAGGAACACCGATGGCGAAGGCAGGTCTCTGGGCAGTAACTGACGCTGAGGAGCGAAAGCATGGGTAGCGAACAGG
6,"k:Bacteria,p:Firmicutes,c:Clostridia,o:Clostridiales,f:[Tissierellaceae],g:Anaerococcus",TACGTAAGGCCCGAGCGTTGTCCGGAATCATTGGGCGTAAAGGGTACGTAGGCGGGTTTTTAAGTTAGAAGTCAAAGGCTATAGCTCAACTATAGTAAGCTTCTAAAACTGGGGACCTTGAGTAATGGAAGGGAAAGTGGAATTCCTAGTGTAGCGGTGGAATGCGCAGATATTAGGAGGAATACCGGTGGCGAAGGCGACTTTCTGGCCATTAACTGACGCTGAGGTACGAAAGCGTGGGTAGCAAACAGG
6,"k:Bacteria,p:Bacteroidetes,c:Bacteroidia,o:Bacteroidales,f:S24-7",TACGGAGGATGCGAGCGTTATCCGGATTTATTGGGTTTAAAGGGTGCGTAGGCGGAATGTCAAGTCAGCGGTAAAAATTCGGGGCTCAACCCCGTCGTGCCGTTGAAACTGATGTTCTTGAGTGGGCGAGAAGTATGCGGAATGCGTGGTGTAGCGGTGAAATGCATAGATATCACGCAGAACTCCGATTGCGAAGGCAGCATACCGGCGCCCAACTGACGCTGAAGCACGAAAGCGTGGGTATCGAACAGG
6,"k:Bacteria,p:Actinobacteria,c:Actinobacteria,o:Actinomycetales,f:Microbacteriaceae,g:Frigoribacterium",TACGTAGGGTGCAAGCGTTGTCCGGAATTATTGGGCGTAAAGAGCTCGTAGGCGGTTTGTCGCGTCTGCTGTGAAATCTGGGGGCTCAACCCCCAGCCTGCAGTGGGTACGGGCAGACTAGAGTGCGGTAGGGGAGATTGGAATTCCTGGTGTAGCGGTGGAATGCGCAGATATCAGGAGGAACACCGATGGCGAAGGCAGATCTCTGGGCCGTAACTGACGCTGAGGAGCGAAAGCATGGGGAGCGAACAGG
6,"k:Bacteria,p:Proteobacteria,c:Gammaproteobacteria,o:Enterobacteriales,f:Enterobacteriaceae",TACGGAGGGTGCAAGCGTTAATCGGAATTACTGGGCGTAAAGCGCACGCAGGCGGTCTGTCAAGTCGGATGTGAAATCCCCGGGCTCAACCTGGGAACTGCATTCGAAACTGGCAGGCTAGAGTCTTGTAGAGGGGGGTAGAATTCCAGGTGTAGCGGTGAAATGCGTAGAGATCTGGAGGAATACCGGTGGCGAAGGCGGCCCCCTGGACAAAGACTGACGCTCAGGTGCGAAAGCGTGGGGAGCAAACAGG
6,,GACAAGGGAGACGAGTGTTATTCCTCTTTAACAGGTATATAGGGTACCTAGACGGTGTGCAATGGCTTAAATAAGTACCTGCTACACTTGAGTTTGATATGTGAGAGGAATATGTCGGAATTGTTGGAGGAAAGATGAAATTTGTTAATACCAATAGGACTGATAACGGCGAAGGCAAACCTCTATGTACATGTACTTGCTATTTCTAAATTAGAAGATATTTCTCTTATAAGATAAAAGATAGATCTTATaaaaaaaaGAGGAAAGGAGCAATGTGCTATAACTGACGTTGAGGGACGAAGGCTCAGATAGTGAAGAGG
6,,GACAAGGGAGACGAGTGTTATTCATCTTTAACAGGTATATAGGGTACCTAGACGGTGTGCAATGGCTTAAATAAGTACCTGCTACACTTGCGTTTGATATGTGAGAGGAATATGTCGGAATTGTTGGAGGAAAGATGAAATTTGTTAATACCAATAGGACTGATAACGGCGAAGGCAAACCTCTATGTACATGTACTTGCTATTTCTAAATTAGAAGATATTTCTCTTATAAGATAAAAGATAGATCTTATaaaaaaaaGAGGAAAGGAGCAATGTGCTATAACTGACGTTGAGGGACGAAGGCTCAGATAGTGAAGAGG
6,,GACAAGGGAGACGAGTGTTATTCCTCTTAAACCGGTATATTGGGTACCTAGACTGTGTATGAAGGCTTTTATAGTACCTACTACACTAGAGTTTAATATGTGAGAGGAAGATGTCAGAATTATTGGAGTAGAGATGAAATCCTTTAATACTAATAGGACTGATAATGGCGAAGGCAAACCTCTATGTATATGTACTTTAAAGGAAGAACAATTTAATGAAAAGAGTTAAAGAATAGATATTATCATATATGAAGATATAGAGATAAGAAATGAGAACTAAAGTACTAAACTGACGTTGAGGGACGAAGGCTCAGAGAGTGAAGAGG
5,"k:Bacteria,p:Proteobacteria,c:Gammaproteobacteria,o:Pseudomonadales,f:Moraxellaceae,g:Psychrobacter",TACAGAGGGTGCAAGCGTTACTCGGAATTACTGGGCGTAAAGGGAGCGTAGGTGGCTCTATAAGTCAGATGTGAAATCCCCGGGCTTAACCTGGGAACTGCATCTGAAACTGTAGAGCTAGAGTATGTGAGAGGAAGGTAGAATTCCAGGTGTAGCGGTGAAATGCGTAGAGATCTGGAGGAATACCGATGGCGAAGGCAGCCTTCTGGCATAATACTGACACTGAGGCTCGAAAGCGTGGGTAGCAAACAGG
5,"k:Bacteria,p:TM7,c:TM7-3",CGTAGGGTGCAAGCATTATCCGGAGTGACTGGGCGTAAAGAGTTGCGTAGGCGGTTTAATAAGTGAATAGTGAAACCTGGTGGCTCAACCATACAGACTATTATTCAAACTGTTAAACTCGAGAATGGTAGAGGTAACTGGAATTTCTTGTGTAGGAGTGAAATCCGTAGATATAAGAAGGAACACCGATGGCGTAGGCAGGTTACTGGGCCATTTCTGACGCTAAGGCACGAAAGCGTGGGGAGCGAACCGG
5,"k:Bacteria,p:Actinobacteria,c:Actinobacteria,o:Actinomycetales,f:Micromonosporaceae",GACGTAGGGCGCGAGCGTTGTCCGGATTTATTGGGCGTAAAGAGCTCGTAGGCGGCTTGTCGCGTCGACTGTGAAACTCCGCGGCTCAACCGTGGGACTGCAGTCGATACGGGCAGGCTAGAGTTCGGTAGGGGAGACTGGAATTCCTGGTGTAGCGGTGAAATGCGCAGATATCAGGAGGAACACCGGTGGCGAAGGCGGGTCTCTGGGCCGATACTGACGCTGAGGAGCGAAAGCGTGGGGAGCGAACAGG
5,"k:Bacteria,p:Actinobacteria,c:Actinobacteria,o:Actinomycetales,f:Mycobacteriaceae,g:Mycobacterium",TACGTAGGGTGCGAGCGTTGTCCGGAATTACTGGGCGTAAAGAGCTCGTAGGTGGTTTGTCGCGTTGTTCGTGAAATCTCACGGCTTAACTGTGAGCGTGCGGGCGATACGGGCAGACTTGAGTACTGCAGGGGAGACTGGAATTCCTGGTGTAGCGGTGGAATGCGCAGATATCAGGAGGAACACCGGTGGCGAAGGCGGGTCTCTGGGCAGTAACTGACGCTGAGGAGCGAAAGCGTGGGGAGCGAACAGG
5,,GTGTCAGCAGCCGCTTCCCCTTCTGTCTCTATGGGAGAGGATTCGGCATCCGCTTCATCATGATACCACGTATAACGACGCTCTCCTTGTTTCGCCTTCGTCTTCGCATGTTCGAGCGATATAGTGCATATCGCTTGATGTACTCGGGCTTCTTCTTTCTCTGGGTTGGGCATATCCTGGGCGTTCTGTCGACTGGCATTGTAGGCACTATATCATTTATCACTTTGGTCGGGTGATTATGGGAATGGGGTTTGGCTGGGA
5,"k:Bacteria,p:Actinobacteria,c:Actinobacteria,o:Actinomycetales,f:Microbacteriaceae,g:Microbacterium",TACGTAGGGCGCAAGCGTTATCCGGAATTATTGGGCGTAAAGAGCTCGTAGGCGGTTTGTCGCGTCTGCTGTGAAATCCCGAGGCTCAACCTCGGGCCTGCAGTGGGTACGGGCAGGCTAGAGTGCGGTAGGGGAGATTGGAATTCCTGGTGTAGCGGTGGAATGCGCAGATATCAGGAGGAACACCGATGGCGAAGGCAGATCTCTGGGCCGTAACTGACGCTGAGGAGCGAAAGGGTGGGGAGCAAAC
5,"k:Bacteria,p:Bacteroidetes,c:Bacteroidia,o:Bacteroidales,f:Prevotellaceae,g:Prevotella",TACGGAAGGTCCGGGCGTTATCCGGATTTATTGGGTTTAAAGGGAGCGTAGGCCGTGGATTAAGCGTGTTGTGAAATGTAGACGCTCAACGTCTGACTTGCAGCGCGAACTGGTTCACTTGAGTATGCGCAACGTAGGCGGAATTCGTCGTGTAGCGGTGAAATGCTTAGATATGACGAAGAACTCCGATTGCGAAGGCAGCTTGCGGGAGCATAACTGACGCTGAAGCTCGAAAGTGCGGGTATCGAACAGG
5,"k:Bacteria,p:Proteobacteria,c:Gammaproteobacteria,o:Pseudomonadales,f:Moraxellaceae,g:Enhydrobacter",TACAGAGGGTGCGAGCGTTACTCGGAATTACTGGGCGTAAAGCGAGTGTAGGTGGCTCATTAAGTCACATGTGAAATCCCCGGGCTTAACCTGGGAACTGCATGTGATACTGGTGGTGCTAGAATATGTGAGAGGGAAGTAGAATTCCAGGTGTAGCGGTGAAATGCGTAGAGATCTGGAGGAATACCGATGGCGAAGGCAGCTTCCTGGCATAATATTGACACTGAGATTCGAAAGCGTGGGTAGCAAACAGG
5,"k:Bacteria,p:Actinobacteria,c:Actinobacteria,o:Actinomycetales,f:Micrococcaceae,g:Rothia,s:Rothia_dentocariosa",TACGTAGGGCGCGAGCGTTGTCCGGAATTATTGGGCGTAAAGAGCTTGTAGGCGGTTGGTCGCGTCTGCTGTGAAAGGCTGGGGCTTAACCCTGGTTTTGCAGTGGGTACGGGCTAACTAGAGTGCAGTAGGGGAGACTGGAATTCCTGGTGTAGCGGTGGAATGCGCAGATATCAGGAGGAACACCGATGGCGAAGGCAGGTCTCTGGGCTGTAACTGACGCTGAGAAGCGAAAGCATGGGGAGCGAACAGG
5,,GACAAGGGAGACGAGTGTTATTCATCTTCAACAGGTCTATTGGGTACCTAGACTGTGTATGAAGTCTTTTATAGTACCTACTACACTAGAGTTTAATATGTGAGAGGAAGATGTCAGAATTATTGGAGTAGAGATGAAATCCTTTAATACTAATAGGACTGATAATGGCGAAGGCAAACCTCTATGTATATGTACTTTAAAGGAAGAACAATTTAATGAAAAGAGTTAAAGAAGATATATTATCATATATGAAGAGATAGAGATAATAAATGAGAACTAAAGTACTAAACTGACGTTGAGGGACGAAGGCTAAGAGAGTGAAGAGG
5,"k:Bacteria,p:Bacteroidetes,c:Bacteroidia,o:Bacteroidales,f:Prevotellaceae,g:Prevotella",TACGGAAGGTCCGGGCGTTATCCGGATTTATTGGGTTTAAAGGGAGCGTAGGCCGCCCCTTAAGCGTGTTGTGAAATGCGGGTGCTCAACATCCGACTTGCAGCGCGAACTGGGGGGCTTGAGTGCGCCGAAAGTAGGCGGAATTCGTGGTGTAGCGGTGAAATGCTTAGATATCACGAAGAACTCCGATTGCGAAGGCAGCTTACTGTAGCGCAACTGACGCTGATGCTCGAAAGCGTGGGTATCGAACAGG
5,"k:Bacteria,p:Firmicutes,c:Clostridia,o:Clostridiales,f:[Tissierellaceae],g:Anaerococcus",TACGTACGGACCGAGCGTTGTCCGGAATCATTGGGCGTAAAGGGTACGTAGGCGGGTCATTAAGTTAGAAGTCAAAGGCTATAGCTCAACTATAGTAAGCTTCTAAAACTGGCGACCTTGAGTAATGGAAGGGAAAGTGGAATTCCTAGTGTAGCGGTGGAATGCGCAGATATTAGGAGGAATACCGGTGGCGAAGGCGACTTTCTGGCCATTAACTGACGCTGAGGTACGAAAGCGTGGGTAGCAAACAGG
5,"k:Bacteria,p:Actinobacteria,c:Actinobacteria,o:Actinomycetales,f:Microbacteriaceae,g:Microbacterium",TACGTAGGGCGCAAGCGTTATCCGGAATTATTGGGCGTAAAGAGCTCGTAGGCGGTTTGTCGCGTCTGCTGTGAAATCCCGAGGCTCAACCTCGGGCCTGCAGTGGGTACGGGCAGACTAGAGTGCGGTAGGGGAGATTGGAATTCCTGGTGTAGCGGTGGAATGCGCAGATATCAGGAGGAACACCGATGGCGAAGGCAGATCTCTGGGCCGTAACTGACGCTGAGGAGCGAAAGGGTGGGGAGCAAAC
5,"k:Bacteria,p:Proteobacteria,c:Betaproteobacteria,o:Burkholderiales,f:Oxalobacteraceae,g:Janthinobacterium",TACGTAGGGTGCAAGCGTTAATCGGAATTACTGGGCGTAAAGCGTGCGCAGGCGGTTTTGTAAGACTGTCGTGAAATCCCCGGGCTCAACCTGGGAATGGCGATGGTGACTGCAAGGCTAGAGTTTGGCAGAGGGGGGTAGAATTCCACGTGTAGCAGTGAAATGCGTAGATATGTGGAGGAACACCGATGGCGAAGGCAGCCCCCTGGGTCAAAACTGACGCTCATGCACGAAAGCGTGGGGAGCAAACAGG
5,"k:Bacteria,p:Firmicutes,c:Bacilli,o:Bacillales,f:Bacillaceae",TACGTAGGTGGCAAGCGTTGTCCGGAATTATTGGGCGTAAAGCGCGCGCAGGCGGTTCCTTAAGTCTGATGTGAAAGCCCACGGCTCAACCGTGGAGGGTCATTGGAAACTGGGGGACTTGAGTGCAGAAGAGGAGAGCGGAATTCCACGTGTAGCGGTGAAATGCGTAGAGATGTGGAGGAACACCAGTGGCGAAGGCGGCTCTCTGGTCTGTAACTGACGCTGAGGCGCGAAAGCGTGGGGAGCAAACAGG
5,"k:Bacteria,p:Actinobacteria,c:Actinobacteria,o:Actinomycetales,f:Nocardioidaceae",TACGTAGGGTGCGAGCGTTGTCCGGAATTATTGGGCGTAAAGGGCTCGTAGGCGGTTTGTCGCGTCGGGAGTGAAATCTCAGGGCTTAACCCTGAGCCTGCTTCCGATACGGGCAGACTAGAGGTATGCAGGGGAGAACGGAATTCCTGGTGTAGCGGTGAAATGCGCAGATATCAGGAGGAACACCGGTGGCGAAGGCGGTTCTCTGGGCATTACCTGACGCTGAGGAGCGAAAGTGTGGGGAGCGAACAGG
5,,GCTGTAACCGCTCCATGTTCCTCCTCTTGGCTCTCCGCAGAGCAAAAATGCCGTTCTTTACCAAAACATCCAAGCTCAGCGGGTCGATACCCTTCTGGTTTATTATGACGAACCCCTTCTTGTTGTCATTTCCGCAAACCTCCTTCTTCAGCTCGATAATCTTCCTCAGCTTCTCGTCAACAAAGCGACGCTCGCTCTCGACAAGCTTCTCCCTCTGATCGGCGCTGG
5,,CTTGGTCATTTAGAGGAAGGAGAAGTCGTAACAAGGTTTCCGTAGGTGAACCTGCGGAAGGATCATTGTCGATGCCTTACATGCAGACCAACTCGTGAATTTGTTTGAATACATAGGGATGGCACGGGTGTTTTTGCACCACGACCTCCCTTTGGGTAGGAGGGGGTGCGTCCCCCTCATGCCTGAACACAAACCCCGGCGTTCAATGCGCCAAGGAACATAAAATTCGATCAATGCGCCCCGTCGGCCCGGAGACGGTGCTCTGGCGGTGGTGCCTTGTCACATGATACAGAATGACTCTCGGCAACGGATATCTAGGCTCTTGCATCGATGAAGAACGCAGC
4,"k:Bacteria,p:Proteobacteria,c:Alphaproteobacteria,o:Rhizobiales,f:Methylobacteriaceae,g:Methylobacterium",TACGAAGGGGGCTAGCGTTGCTCGGAATCACTGGGCGTAAAGGGCGCGTAGGCGGCGTTTTAAGTCGGGGGTGAAAGCCTGTGGCTCAACCACAGAATGGCCTTCGATACTGGGACGCTTGAGTATGGTAGAGGTTGGTGGAACTGCGAGTGTAGAGGTGAAATTCGTAGATATTCGCAAGAACACCGGTGGCGAAGGCGGCCAACTGGACCATTACTGACGCTGAGGCTCGAAAGCGTGGGGAGCAAACAGG
4,"k:Bacteria,p:Acidobacteria,c:[Chloracidobacteria],o:RB41",TACGGGGGGCGCAAGCGTTGTTCGGATTTACTGGGCGTAAAGGGCGCGTAGGCGGCGTGACAAGTCACTTGTGAAATCTCCGGGCTTAACCCGGAGCGGCCAAGTGATACTGTCGTGCTAGAGTGCGGAAGGGGCTACTGGAATTCTCGGTGTAGCGGTGAAATGCGTAGATATCGAGAGGAACACCTGCGGCGAAGGCGGGTAGCTGGGCCGACACTGACGCTGAGGCGCGAAAGCCAGGGGAGCGAACGGG
4,,CAAGAAACCCAAATCAATAGCCATCCGGCGTAAAGAGTGGTCACATGCTATCTATACCAATTAAGATCAAAGTGTAACTAAGCTGTCATAAGCCCAAGATTCACCTAAGCCCAGCCTAAAAAATGATCTTAACTTAACGATCAATTTAAAGCCACGAAAGCCAGGGCACAAACTGGG
4,"k:Bacteria,p:Proteobacteria,c:Alphaproteobacteria,o:Rhodobacterales,f:Rhodobacteraceae,g:Paracoccus",TACGGAGGGGGCTAGCGTTGTTCGGAATTACTGGGCGTAAAGCGCACGTAGGCGGACCGGAAAGTTGGGGGTGAAATCCCGGGGCTCAACCTCGGAACTGCCTTCAAAACTACTGGTCTTGAGTTCGAGAGAGGTGAGTGGAATTCCGAGTGTAGAGGTGAAATTCGTAGATATTCGGAGGAACACCAGTGGCGAAGGCGGCTCACTGGCTCGATACTGACGCTGAGGTGCGAAAGCGTGGGGAGCAAACAGG
4,"k:Bacteria,p:Firmicutes,c:Bacilli,o:Lactobacillales,f:Aerococcaceae,g:Aerococcus",TACGTAGGTGGCAAGCGTTGTCCGGATTTATTGGGCGTAAAGGGAGCGCAGGTGGTTTCTTAAGTCTGATGTGAAAGCCCACGGCTTAACCGTGGAGGGTCATTGGAAACTGGGAAACTTGAGTACAGAAGAGGAATGTGGAACTCCATGTGTAGCGGTGGAATGCGTAGATATATGGAAGAACACCAGTGGCGAAGGCGACATTCTGGTCTGTTACTGACACTGAGGCTCGAAAGCGTGGGGAGCAAACAGG
4,"k:Bacteria,p:Firmicutes,c:Bacilli,o:Lactobacillales,f:Lactobacillaceae,g:Lactobacillus",TACGTAGGTGGCAAGCGTTGTCCGGATTTATTGGGCGTAAAGGGAGCGCAGGCGGTCTTTTAAGTCTGAATGTGAAAGCCCTCAGCTTAACTGAGGAAGAGCATCGGAAACTGAGAGACTTGAGTGCAGAAGAGGAGAGTGGAACTCCATGTGTAGCGGTGAAATGCGTAGATATATGGAAGAACACCAGTGGCGAAGGCGGCTCTCTGGTCTGTTACTGACGCTGAGGCTCGAAAGCATGGGTAGCGAACAGG
4,"k:Bacteria,p:Proteobacteria,c:Betaproteobacteria,o:Burkholderiales,f:Oxalobacteraceae,g:Cupriavidus",TACGTAGGGTGCGAGCGTTAATCGGAATTACTGGGCGTAAAGCGTGCGCAGGCGGTTTTGTAAGACAGGCGTGAAATCCCCGGGCTTAACCTGGGAATTGCGCTTGTGACTGCAAGGCTAGAGTGCGTCAGAGGGGGGTAGAATTCCACGTGTAGCAGTGAAATGCGTAGAGATGTGGAGGAATACCGATGGCGAAGGCAGCCCCCTGGGACGTGACTGACGCTCATGCACGAAAGCGTGGGGAGCAAACAGG
4,"k:Bacteria,p:Proteobacteria,c:Alphaproteobacteria,o:Ellin329",TACGAAGGGGGCTAGCGTTGTTCGGAATTACTGGGCGTAAAGCGTGCGCAGGCGGCTTCTCAAGTCAGTGGTGAAAGCCCGGAGCTCAACTCCGGAATTGCCATTGAAACTGTGAGGCTTGAGGACGAGAGAGGTGAGTGGAATTCCCAGTGTAGAGGTGAAATTCGTAGATATTGGGAAGAACACCGGTGGCGAAGGCGGCTCACTGGCTCGTTTCTGACGCTCATGCACGAGAGCGTGGGGATCAAACAGG
4,,TACGTTAAAGACTAGTGTTATTCATCTTTATTAGGTTTAAAGGGTACCTAGACGGTAAATCAAGCCCTTGCAGAGCAAGATGGGACTAATTTACTAGAGTTACTTACAAGGAGGCTATAAAGTACTAATGGTGTAGAGATAAAATTTTGTAATACCAATTCTCTCTAGAGAAGTTATGGCACTGATAAAAGCGAAAGCATCTTCTTATGTGATAACTGACGTTGAGGGACGAAGGCTATGGATCGCGAATAGG
4,"k:Bacteria,p:Actinobacteria,c:Actinobacteria,o:Actinomycetales,f:Actinomycetaceae,g:Actinomyces",TACGTAGGGCGCGAGCGTTGTCCGGAATTATTGGGCGTAAAGGGCTTGTAGGCGGCTTGTCGCGTCTGCCGTGAAATCCTGGGGCTTAACCTTGGGCTTGCGGTGGGTACGGGCTGGCTTGAGTGCGGTAGGGGAGACTGGAATTCCTGGTGTAGCGGTGGAATGCGCAGATATCAGGAGGAACACCGGTGGCGAAGGCGGGTCTCTGGGCCGTTACTGACGCTGAGGAGCGAAAGCGTGGGGAGCGAACAGG
4,"k:Bacteria,p:Actinobacteria,c:Actinobacteria,o:Actinomycetales,f:Actinomycetaceae,g:Actinomyces",TACGTAGGGCGCGAGCGTTGTCCGGAATTATTGGGCGTAAAGGGCTTGTAGGCGGCCGGCCGCGTCCGTCGTGAAATCCTTCGGCTCAACCGGGGGCTTGCGGTGGGTACGGGTCGGCTGGAGTGCGGTAGGGGAGGCTGGAACTCCTGGTGTAGCGGTGGAATGCGCAGATATCAGGAGGAACACCGGTGGCGAAGGCGGGTCTCTGGGCCGTTACTGACGCTGAGGAGCGAAAGCGTGGGGAGCGAACAGG
4,"k:Bacteria,p:Actinobacteria,c:Actinobacteria,o:Actinomycetales,f:Actinomycetaceae,g:Actinomyces",TACGTAGGGCGCGAGCGTTGTCCGGAATTATTGGGCGTAAAGGGCTTGTAGGCGGTTGGTCGCGTCTGTCGTGAAATCCTCTGGCTTAACTGGGGGCGTGCGGTGGGTACGGGCTGGCTTGAGTGCGGTAGGGGAGACTGGAACTCCTGGTGTAGCGGTGGAATGCGCAGATATCAGGAAGAACACCGGTGGCGAAGGCGGGTCTCTGGGCCGTTACTGACGCTGAGGAGCGAAAGCGTGGGGAGCGAACAGG
4,"k:Bacteria,p:Firmicutes,c:Bacilli,o:Lactobacillales,f:Lactobacillaceae,g:Lactobacillus,s:Lactobacillus_iners",TACGTAGGTGGCAAGCGTTGTCCGGATTTATTGGGCGTAAAGCGAGTGCAGGCGGCTCGATAAGTCTGATGTGAAAGCCTTCGGCTCAACCGGAGAATTGCATCAGAAACTGTCGAGCTTGAGTACAGAAGAGGAGAGTGGAACTCCATGTGTAGCGGTGAAATGCGTAGATATATGGAAGAACACCGGTGGCGAAGGCGGCTCTCTGGTCTGTTACTGACGCTGAGGCTCGAAAGCATGGGTAGCGAACAGG
4,"k:Bacteria,p:Proteobacteria,c:Gammaproteobacteria,o:Pasteurellales,f:Pasteurellaceae,g:Aggregatibacter",TACGGAGGGTGCGAGCGTTACTCGGAATAACTGGGCGTAAAGGGCACGCAGGCGGACTTTTAAGTGAGGTGTGAAATCCCCGGGCTTAACCTGGGAATTGCATTTCAGACTGGGGGTCTAGAGTACTTTAGGGAGGGGTAGAATTCCACGTGTAGCGGTGAAATGCGTAGAGATGTGGAGGAATACCGAAGGCGAAGGCAGCCCCTTGGGAATGTACTGACGCTCATGTGCGAAAGCGTGGGGAGCAAACAGG
4,"k:Bacteria,p:Firmicutes,c:Bacilli,o:Lactobacillales,f:Streptococcaceae,g:Streptococcus",TACGTAGGTCCCGAGCGTTATCCGGATTTATTGGGCGTAAAGCGAGCGCAGGCGGTTAGATAAGTCTGAAGTTAAAGGCTGTGGCTTAACCATAGTACGCTTTGGAAACTGTTTAACTTGAGTGCAGAAGGGGAGAGTGGAATTCCATGTGTAGCGGTGAAATGCGTAGATATATGGAGGAACACCGGTGGCGAAAGCGGCTCTCTGGTCTGTAACTGACGCTGAGGCTCGAAAGCGTGGGGAGCAAACAGG
4,"k:Bacteria,p:Proteobacteria,c:Betaproteobacteria,o:Neisseriales,f:Neisseriaceae,g:Neisseria",TACGTAGGGTGCGAGCGTTAATCGGAATTACTGGGCGTAAAGCGGGCGCAGACGGTTACTTAAGCAGGATGTGAAATCCCCGGGCTCAACCTGGGAACTGCGTTCTGAACTGGGTGACTAGAGTGTGTCAGAGGGAGGTAGAATTCCACGTGTAGCAGTGAAATGCGTAGAGATGTGGAGGAATACCGATGGCGAAGGCAGCCTCCTGGGATAACACTGACGTTCATGCCCGAAAGCGTGGGTAGCAAACAGG
4,,CTTGGTCATTTAGAGGAAGGAGAAGTCGTAACAAGGTTTCCGTAGGTGAACCTGCGGAAGGATCATTGTCGATGCCTTACATGCAGACCAACTCGTGAATTTGTTTGAATACATAGGGATGGCACGGGTGTTTTTGCACCACGACCTCCCTTTGGGTAGGAGGGGGTGCGTCCCCCTCATGCCTGAACACAAACCCCGGCGTTCAATGCGCCAAGGAACAGAAAATTCGATCAATGCGCCCCGTCGGCCCGGAGACGGTGCTCTGGCGGTGGTGCCTTGTCACATGATACAGAATGACTCTCGGCAACGGATATCTAGGCTCTTGCATCGATGAAGAACGCAGC
4,,GACAAGGGAGACGAGTGTTATTCATCTTTAACAGGTATATAGGGTACCTAGACGGTGTGCAAAGGCTTAATTAAGAACCTGTTACACTTGAGTTTGATATGTGAGAGGAATATGTCGGAATTGTTGGTGTAAAGATGAAATTTGTTAATACCAATAGGACCGGTAACGGCGAAGGCAAACCTCTATGTACATGTACTTGCTTATTGTTCTAAAATAGAATATGTTTACTTTGGTAAAAGGGATGATGATAGGATGAACAGTAAAAAGCAAAGTGCTATAACTGACGTTGAGGGACGAAGGCTCAGATAGTGAAGAGG
4,,GACAAGGGAGACGAGTGTTATTCATCTTTAACAGGTATATAGGGTACCTAGACGGTGTGCAATGGCTTAAATAATTACCTGCTACACTTGAGTTTGATATGTGAGAGGAATATGTCGGAATTGTTGGAGGAAAGATGAAATTTGTTAATACCAATAGGACTGATAACGGCGAAGGCAAACCTCTATGTACATGTACTTGCTATTTCTAAATTAGAAGATATTTCTCTTATAAGATAAAAGATAGATCTGATaaaaaaaaGAGGAAAGGAGCAATGTGCTATAACTGACGTTGAGGGACGAAGGCTCAGATAGTGAAGAGG
4,"k:Bacteria,p:Actinobacteria,c:Actinobacteria,o:Actinomycetales,f:Streptomycetaceae,g:Streptomyces",TACGTAGGGCGCAAGCGTTGTCCGGAATTATTGGGCGTAAAGAGCTCGTAGGCGGCTTGTCACGTCGGGTGTGAAAGCCCGGGGCTTAACCCCGGGTCTGCATTCGATACGGGCTAGCTAGAGTGTGGTAGGGGAGATCGGAATTCCTGGTGTAGCGGTGAAATGCGCAGATATCAGGAGGAACACCGGTGGCGAAGGCGGATCTCTGGGCCATTACTGACGCTGAGGAGCGAAAGCGTGGGGAGCGAACAGG
4,"k:Bacteria,p:Proteobacteria,c:Betaproteobacteria,o:Burkholderiales,f:Oxalobacteraceae",TACGTAGGGTGCAAGCGTTAATCGGAATTACTGGGCGTAAAGCGTGCGCAGGCGGTTTTGTAAGTCTGACGTGAAATCCCCGGGCTCAACCTGGGAATTGCGTTGGAGACTGCAAGGCTAGAATCTGGCAGAGGGGGGTAGAATTCCACGTGTAGCAGTGAAATGCGTAGAGATGTGGAGGAACACCGATGGCGAAGGCAGCCCCCTGGGTCAAGATTGACGCTCATGCACGAAAGCGTGGGGAGCAAACAGG
3,"k:Bacteria,p:Proteobacteria,c:Gammaproteobacteria,o:Pasteurellales,f:Pasteurellaceae,g:Haemophilus,s:Haemophilus_parainfluenzae",TACGGAGGGTGCGAGCGTTACTCGGAATAACTGGGCGTAAAGGGCACGCAGGCGGTGACTTAAGTGAGGTGTGAAAGCCCCGGGCTTAACCTGGGAATTGCATTTCATACTGGGTCGCTAGAGTACTTTAGGGAGGGGTAGAATTCCACGTGTAGCGGTGAAATGCGTAGAGATGTGGAGGAATACCGAAGGCGAAGGCAGCCCCTTGGGAATGTACTGACGCTCATGTGCGAAAGCGTGGGGAGCAAACAGG
3,,CGAACTGGGCGAACGTTGAATAAATGAATAGGTTTTAAGTATCTGTAGGCGGTGAAGAAATATTCTTCACTAGAATTCAATAGAGGAAAATAGAACGTTAGAAGTAGAGATGAAATTTGTTGATATCTAACGGAATACTAATGGCGAAGGCAATTTTCCAGGTAAGAATTGACGCTGAGAGATGAAAGTTTGGGGAGCGAAACAG
3,"k:Bacteria,p:Actinobacteria,c:Actinobacteria,o:Actinomycetales,f:Brevibacteriaceae,g:Brevibacterium,s:Brevibacterium_casei",TACGTAGGGTACGAGCGTTGTCCGGAATTATTGGGCGTAAAGAGCTCGTAGGTGGTTGGTCACGTCTGCTGTGGAAACGCAACGCTTAACGTTGCGCGTGCAGTGGGTACGGGCTGACTAGAGTGCAGTAGGGGAGTCTGGAATTCCTGGTGTAGCGGTGAAATGCGCAGATATCAGGAGGAACACCGGTGGCGAAGGCGGGACTCTGGGCTGTAACTGACACTGAGGAGCGAAAGCATGGGGAGCGAACAGG
3,"k:Bacteria,p:Bacteroidetes,c:Bacteroidia,o:Bacteroidales,f:Prevotellaceae,g:Prevotella",TACGGACGGTCCGGGCGTTATCCGGATTTATTGGGTTTAAAGGGAGCGTAGGCCGCCCCTTAAGCGTGTTGTGAAATGCGGGTGCTCAACATCCGACTTGCAGCGCGAACTGGGGGGCTTGAGTGCGCCGAAAGTAGGCGGAATTCGTGGTGTAGCGGTGAAATGCTTAGATATCACGAAGAACTCCGATTGCGAAGGCAGCTTACTGTAGCGCAACTGACGCTGATGCTCGAAAGCGTGGGTATCGAACAGG
3,"k:Bacteria,p:Firmicutes,c:Bacilli,o:Lactobacillales,f:Aerococcaceae,g:Alloiococcus,s:Alloiococcus_otitis",TACGTAGGTGACAAGCGTTTTCCGGATTTATTGGGCGTAAAGCGAGCGCAGGCGGTCCGGTAAGTCTGATGTGAAAGCCCACGGCTCAACCGTGGAACGGCATTGGAAACTGGCGGACTTGAATGTAGCAGAGGAAAGTGGAATTCCATGTGTAGCGGTGGAATGCGTAGATATATGGAGGAACACCAGTGGCGAAAGCGACTTTCTGGGCTATGATTGACGCTGAGGCTCGAAAGCGTGGGGAGCGAACAGG
3,"k:Bacteria,p:Actinobacteria,c:Actinobacteria,o:Actinomycetales,f:Corynebacteriaceae,g:Corynebacterium",TACGTAGGGTGCGAGCGTTGTCCGGATTTACTGGGCGTAAAGAGCTCGTAGGTGGCTTGTCGCGTCGTCTGTGAAAGTCTGGGGCTTAACTCCGGGTGTGCAGGCGATACGGGCTGGCTTGAGTGCTGTAGGGGAGACTGGAATTCCTGGTGTAGCGGTGGAATGCGCAGATATCAGGAGGAACACCGATGGCGAAGGCAGGTCTCTGGGCAGTCACTGACGCTGAGGAGCGAGAGCATGGGTAGCGAACAGG
3,"k:Bacteria,p:Firmicutes,c:Clostridia,o:Clostridiales,f:Veillonellaceae,g:Veillonella",TACGTAGGTGGCAAGCGTTGTCCGGAATTATTGGGCGTAAAGCGCGCGCAGGCGGATCAGTTAGTCTGTCTTAAAAGTTCGGGGCTTAACCCCGTGATGGGATGGAAACTGCTGATCTAGAGTATCGGAGAGGAAAGTGGAATTCCTAGTGTAGCGGTGAAATGCGTAGATATTAGGAAGAACACCAGTGGCGAAGGCGACTTTCTGGACGAAAACTGACGCTGAGGCGCGAAAGCCAGGGGAGCGAACGGG
3,"k:Bacteria,p:Bacteroidetes,c:[Saprospirae],o:[Saprospirales],f:Chitinophagaceae",TACGGAGGGTGCAAGCGTTATCCGGATTCACTGGGTTTAAAGGGTGCGTAGGTGGGCAGGTAAGTCAGTGGTGAAATCTCTGGGCTTAACCCAGAAACTGCCGTTGATACTATCTGTCTTGAATATAGTGGAGGTGAGCGGAATATGTCATGTAGCGGTGAAATGCTTAGATATGACATAGAACACCCATTGCGAAGGCAGCTCGCTACACTATTATTGACACTGAGGCACGAAAGCGTGGGGATCAAACAGG
3,"k:Bacteria,p:Firmicutes,c:Bacilli,o:Lactobacillales,f:Enterococcaceae,g:Tetragenococcus,s:Tetragenococcus_halophilus",TACGTAGGTGGCAAGCGTTGTCCGGATTTATTGGGCGTAAAGCGAGCGCAGGCGGTGATTTAAGTCTGATGTGAAAGCCCCCAGCTCAACTGGGGAGGGTCATTGGAAACTGGATCACTTGAGTGCAGAAGAGGAGAGTGGAATTCCATGTGTAGCGGTGAAATGCGTAGATATATGGAGGAACACCAGTGGCGAAGGCGGCTCTCTGGTCTGTAACTGACGCTGAGGCTCGAAAGCGTGGGTAGCAAACAGG
3,"k:Bacteria,p:Bacteroidetes,c:Flavobacteriia,o:Flavobacteriales,f:Flavobacteriaceae,g:Capnocytophaga",TACGGAGGATGCGAGCGTTATCCGGAATCATTGGGTTTAAAGGGTCCGTAGGCGGGCTGATAAGTCAGAGGTGAAAGCGCTTAGCTCAACTAAGCAACTGCCTTTGAAACTGTTAGTCTTGAATGATTGTGAAGTAGTTGGAATGTGTAGTGTAGCGGTGAAATGCTTAGATATTACACAGAACACCGATAGCGAAGGCATATTACTAACAATTTATTGACGCTGATGGACGAAAGCGTGGGGAGCGAACAGG
3,"k:Bacteria,p:Proteobacteria,c:Betaproteobacteria,o:Burkholderiales,f:Comamonadaceae,g:Tepidimonas",TACGTAGGGTGCGAGCGTTAATCGGAATTACTGGGCGTAAAGCGTGCGCAGGCGGTCTTGTAAGACAGAGGTGAAATCCCTGGGCTCAACCTAGGAATGGCCTTTGTGACTGCAAGGCTGGAGTGCGGCAGAGGGGGATGGAATTCCGCGTGTAGCAGTGAAATGCGTAGATATGCGGAGGAACACCGATGGCGAAGGCAGTCCCCTGGGCCTGCACTGACGCTCATGCACGAAAGCGTGGGGAGCAAACAGG
3,"k:Bacteria,p:Firmicutes,c:Clostridia,o:Clostridiales,f:[Tissierellaceae],g:Parvimonas",TACGTATGGGGCGAGCGTTGTCCGGAATTATTGGGCGTAAAGGGTACGTAGGCGGTTTTTTAAGTCAGGTGTGAAAGCGTGAGGCTTAACCTCATTAAGCACTTGAAACTGGAAGACTTGAGTGAAGGAGAGGAAAGTGGAATTCCTAGTGTAGCGGTGAAATGCGTAGATATTAGGAGGAATACCGGTGGCGAAGGCGACTTTCTGGACTTTTACTGACGCTCAGGTACGAAAGCGTGGGGAGCAAACAGG
3,"k:Bacteria,p:Proteobacteria,c:Gammaproteobacteria,o:Pseudomonadales,f:Pseudomonadaceae,g:Pseudomonas",TACAGAGGGTGCAAGCGTTAATCGGAATTACTGGGCGTAAAGCGCGCGTAGGTGGTTTGTTAAGTTGAATGTGAAATCCCCGGGCTCAACCTGGGAACTGCATCCAAAACTGGCAAGCTAGAGTATGGTAGAGGGTGGTGGAATTTCCTGTGTAGCGGTGAAATGCGTAGATATAGGAAGGAACACCAGTGGCGAAGGCGACCACCTGGACTGATACTGACACTGAGGTGCGAAAGCGTGGGGAGCAAACAGG
3,"k:Bacteria,p:Firmicutes,c:Clostridia,o:Clostridiales,f:Veillonellaceae,g:Veillonella,s:Veillonella_dispar",TACGTAGGTGGCAAGCGTTTTCCGGAATTATTGGGCGTAAAGCGCGCGCAGGCGGATCAGTCAGTCTGTCTTAAAAGTTCGGGGCTTAACCCCGTGATGGGATGGAAACTGCTGATCTAGAGTATCGGAGAGGAAAGTGGAATTCCTAGTGTAGCGGTGAAATGCGTAGATATTAGGAAGAACACCAGTGGCGAAGGCGACTTTCTGGACGAAAACTGACGCTGAGGCGCGAAAGCCAGGGGAGCGAACGGG
3,"k:Bacteria,p:Firmicutes,c:Bacilli,o:Bacillales,f:[Exiguobacteraceae],g:Exiguobacterium",TACGTAGGTGGCAAGCGTTGTCCGGAATTATTGGGCGTAAAGCGCGCGCAGGCGGCCTTTTAAGTCTGATGTGAAAGCCCCCGGCTCAACCGGGGAGGGTCATTGGAAACTGGAAGGCTTGAGTACAGAAGAGAAGAGTGGAATTCCACGTGTAGCGGTGAAATGCGTAGAGATGTGGAGGAACACCAGTGGCGAAGGCGACTCTTTGGTCTGTAACTGACGCTGAGGCGCGAAAGCGTGGGGAGCAAACAGG
3,"k:Bacteria,p:Proteobacteria,c:Alphaproteobacteria,o:Sphingomonadales,f:Erythrobacteraceae",TACGGAGGGAGCTAGCGTTGTTCGGAATTACTGGGCGTAAAGCGCACGTAGGCGGCGATTCAAGTCAGAGGTGAAAGCCCGGGGCTCAACCCCGGAACTGCCTTTGAAACTAGATTGCTAGAATCCTGGAGAGGCGAGTGGAATTCCGAGTGTAGAGGTGAAATTCGTAGATATTCGGAAGAACACCAGTGGCGAAGGCGACTCGCTGGACAGGTATTGACGCTGAGGTGCGAAAGCGTGGGGAGCAAACAGG
3,"k:Bacteria,p:Proteobacteria,c:Betaproteobacteria,o:Burkholderiales,f:Oxalobacteraceae,g:Ralstonia",TACGTAGGGTCCAAGCGTTACTCGGAATTACTGGGCGTAAAGCGTGCGCAGGCGGTTGTGCAAGACCGATGTGAAATCCCCGAGCTTAACTTGGGAATTGCATTGGTGACTGCACGGCTAGAGTGTGTCAGAGGGGGGTAGAATTCCACGTGTAGCAGTGAAATGCGTAGAGATGTGGAGGAAGACCGATGGCGAAGGCAGCCCCCTGGGATAACACTGACGCTCATGCACGAAAGCGTGGGGAGCAAACAGG
3,,GTACATGGAGCTCCAGTTTGGGTTTGGGTTGAAGGAGTATTGGTAGGAGTGTGCTATTGTAGCTTTGTGAGTTCTTTGTCTTTTCTGCTTCTATTTCCGAGAAAAGTTCATAGAGCGAGAAGGGGAAACATACATGGGACGTCACAGGCGCAACCTGGATATCTGTTCTCGTACCATGTGCCACCCACCCCGGCATTCTTTTCGTAAATGACCAACTCGGCATTGCGAATGCGTTCGGGG
3,,CCGCAGCGTCAACCTTTCGAAGAGATGTGAATAGTGTAAATTAATCACAAGCATTATCATATTACTGCGCTATAAAATCTCGTGATAATAGCAATTGTGTATGGCTTTAGAACCTCATTTGTAGAAGACTAGTTGGGGTGATTTTCGGGCGTTGCGCGACTCCGGGCGTTGCGCGCACGGGCACGTTACCCTGGTCCCGATAAAGGTTATAAACACCATGGACGACGTATATGAAGGGCTACTTCTGGTTATGTGAC
3,,TTGATCCCCAAGATCATCCACCAGACGTACATCAACGAGAGCCTGCCGGCGCACTGGATCGAGCCGCAGCAGAGCTGTCTGAACCTCCACCCCGACTACGAGTACAAGGTGCGCGCAACTACATGACAAGGATGCTGCAGAACAAAGGCTAACAGTTCCATGCAGCTCTGGACGGACAAGAAGGCGCGCGAGTTTATCGCTGCTGAGTAGGTGTCCCAGGCAGCCTCGCGTGGCGGAATGTGAGCTGACTCGC
3,"k:Bacteria,p:Proteobacteria,c:Alphaproteobacteria,o:Rhizobiales,f:Bartonellaceae",TACGAAGGGGGCTAGCGTTGTTCGGATTTACTGGGCGTAAAGCGCGCGTAGGCGGATAAATTAGTTAGAGGTGAAATCCCAGGGCTCAACCCTGGAACTGCCTTTAATACTGTTTATCTAGAGTATGAAAGAGGTGAGTGGAATTCCGAGTGTAGAGGTGAAATTCGTAGATATTCGGAGGAACATCAGTGGCGAAGGCGGCTCACTGGTTCATTACTGACGCTGAGGTGCGAAAGCGTGGGGAGCAAACAGG
3,"k:Bacteria,p:Proteobacteria,c:Betaproteobacteria,o:Burkholderiales,f:Comamonadaceae",TACGTAGGGTGCAAGCGTTAATCGGAATTACTGGGCGTAAAGCGTGCGCAGGCGGTTATGCAAGACAGAGGTGAAATCCCCGGGCTCAACCTGGGAACTGCCTTTGTGACTGCATGGCTAGAGTACGGTAGAGGGGGATGGAATTCCGCGTGTAGCAGTGAAATGCGTAGATATGCGGAGGAACACCGATGGCGAAGGCAATCCCCTGGACCTGTACTGACGCTCATGCACGAAAGCGTGGGGAGCAAACAGG
3,"k:Bacteria,p:Fusobacteria,c:Fusobacteriia,o:Fusobacteriales,f:Leptotrichiaceae,g:Leptotrichia",TACGTATGTCGCGAGCGTTATCCGGAATTATTGGGCATAAAGGGCATCTAGGCGGCCTTTCAAGTCAGGGGTGAAAACCTGCGGCTCAACCGCAGGCCTGCCTTTGAAACTGATAGGCTGGAGTACCGGAGAGGTGGACGGAACTGCACGAGTAGAGGTGAAATTCGTAGATATGTGCAGGAATGCCGATGATGAAGATAGTTCACTGGACGGTAACTGACGCTGAAGTGCGAAAGCAGGGGGAGCAAACAGG
2,"k:Bacteria,p:Actinobacteria,c:Coriobacteriia,o:Coriobacteriales,f:Coriobacteriaceae",TACGTAGGGGGCGAGCGTTATCCGGATTCATTGGGCGTAAAGCGCGCGCAGGCGGCCTGCTCGGTCGGGAGTCAAATCCGGGGGCTCAACCCCCGCCCGCTCCCGATACCGGCGGGCTTGAGTCTGGTAGGGGAAGGCGGAATTCCCAGTGTAGCGGTGGAATGCGCAGATATTGGGAAGAACACCGGTGGCGAAGGCGGCCTTCTGGGCCACGACTGACGCTGAGGCGCGAAAGCTAGGGGAGCGAACAGG
2,"k:Bacteria,p:Armatimonadetes,c:Armatimonadia,o:Armatimonadales,f:Armatimonadaceae",TACGTAGGGGGCGAGCGTTGTCCGAAGTTACTGGGCGTAAAGCGCGCGTAGGCGGTCCTTTAAGTCTGGTGTGAAAGGTTTGGGCTCAACCCGAACAGTGCACTGGATACTGGGGGACTTGAGTTAGGGAGAGGAAAGTGGAATTCCTGGTGTAGCGGTGAAATGCGTAGATATCAGGAGGAACACCGATGGCGAAGGCAGCTCTCTGGTCCTATACTGACGCTGAGGTGCGAAAGCGTGGGGAGCGAACGGG
2,"k:Bacteria,p:Bacteroidetes,c:Bacteroidia,o:Bacteroidales,f:[Paraprevotellaceae],g:[Prevotella]",TACGGACGGTCCAGGCGTTATCCGGATTTATTGGGTTTAAAGGGAGCGTAGGCGGATTATTAAGTCAGTGGTGAAAGACGGTGGCTCAACCATCGTTAGCCATTGAAACTGGTAGTCTTGAGTGCAGACAGGGATGCTGGAACTCGTGGTGTAGCGGTGAAATGCTTAGATATCACGATGAACTCCGATCGCGAAGGCAGGTGTCCGGGCTGCAACTGACGCTGAGGCTCGAAAGTGTGGGTATCAAACAGG
2,"k:Bacteria,p:Proteobacteria,c:Gammaproteobacteria,o:Enterobacteriales,f:Enterobacteriaceae,g:Erwinia",TACGGAGGGTGCAAGCGTTACTCGGAATTACTGGGCGTAAAGCGCACGCAGGCGGTCTGTTAAGTCAGATGTGAAATCCCCGGGCTTAACCTGGGAACTGCATTTGAAACTGGCAGGCTTGAGTCTTGTAGAGGGGGGTAGAATTCCAGGTGTAGCGGTGAAATGCGTAGAGATCTGGAGGAATACCGGTGGCGAAGGCGGCCCCCTGGACAAAGACTGACGCTCAGGTGCGAAAGCGTGGGGAGCAAACAGG
2,"k:Bacteria,p:Firmicutes,c:Clostridia,o:Clostridiales,f:Peptostreptococcaceae,g:Peptostreptococcus,s:Peptostreptococcus_anaerobius",TACGTAGGGGGCTAGCGTTATCCGGATTTACTGGGCGTAAAGGGTGCGTAGGTGGTCTTTCAAGTCGGTGGTTAAAGGCTACGGCTCAACCGTAGTTAGCCTCCGAAACTGGAAGACTTGAGTGCAGGAGAGGAAAGTGGAATTCCCAGTGTAGCGGTGAAATGCGTAGATATTGGGAGGAACACCAGTAGCGAAGGCGGCTTTCTGGACTGCAACTGACACTGAGGCACGAAAGCGTGGGTAGCAAACAGG
2,"k:Bacteria,p:Proteobacteria,c:Alphaproteobacteria,o:Rhizobiales,f:Phyllobacteriaceae,g:Phyllobacterium",TACGAAGGGGGCTAGCGTTTTTCGGATTTACTGGGCGTAAAGCGCACGTAGGCGGACTATTAAGTCAGGGGTGAAATCCCGGGGCTCAACCCCGGAACTGCCTTTGATACTGGTAGTCTTGAGTTCGAGAGAGGTGAGTGGAATTCCGAGTGTAGAGGTGAAATTCGTAGATATTCGGAGGAACACCAGTGGCGAAGGCGGCTCACTGGCTCGATACTGACGCTGAGGTGCGAAAGCGTGGGGAGCAAACAGG
2,"k:Bacteria,p:Actinobacteria,c:Actinobacteria,o:Actinomycetales,f:Corynebacteriaceae,g:Corynebacterium",TACGTAGGGTGCGAGCGTTGTCCGGAATTACTGGGCGTAAAGAGCTCGTAGGTGGTTTGTCGCGTCGTGTGTGAAATTCCGGGTCTTAACTTCGGGGTTGCATACGATACGGGCATAACTTGAGTGCTGTAGGGGAGACTGGAATTCCTGGTGTAGCGGTGAAATGCGCAGATATCAGGAGGAACACCGATGGCGAAGGCAGGTCTCTGGGCAGTAACTGACGCTGAGGAGCGAAAGCATGGGGAGCGAACAGG
2,"k:Bacteria,p:Proteobacteria,c:Betaproteobacteria,o:Burkholderiales,f:Burkholderiaceae,g:Lautropia",TACGTAGGGTGCAAGCGTTACTCGGAATTACTGGGCGTAAAGAGTGCGCAGGCGGTTTTGCAAGACCGATGTGAAATCCCCGGGCTTAACCTGGGAACTGCATTGGTGACTGCAAGGCTAGAGTGTGTCAGAGGGAGGTGGAATTCCGCATGTAGCAGTGAAATGCGTAGATATGCGGAGGAACACCGATGGCGAAGGCAGCCTCCTGGGATAACACTGACGCTCATGCACGAAAGCGTGGGGAGCAAACAGG
2,,CGAGACAGGCAAAGGGAAGACAGAGATCGAGACTACAAACGAGACGACCGTGGAGGCAGAAGAGACGGTAGAGAAAAGGACAGATACAGGGATGACGGCCGTGACCGCGACCAAAGAAGACGTGGAGGAGACAGATATCATGATGACAGCTATCGCAGATCAAGACATTGAGGCTTCCATAGCATAGCTGCAGAGTCACACAGGAGCCTTGAACATG
2,"k:Bacteria,p:Firmicutes,c:Bacilli,o:Bacillales,f:Bacillaceae,g:Bacillus,s:Bacillus_ginsengihumi",TACGTAGGTGGCAAGCGTTGTCCGGAATTATTGGGCGTAAAGCGCGCGCAGGCGGTCTTTTAAGTCTGATGTGAAAGCCCACGGCTCAACCGTGGAGGGTCATTGGAAACTGGAAGACTTGAGTGCAGAAGAGGAGAGTGGAATTCCACGTGTAGCGGTGAAATGCGTAGAGATGTGGAGGAACACCAGTGGCGAAGGCGACTCTCTGGTCTGTAACTGACGCTGAGGCGCGAAAGCGTGGGGAGCAAACAGG
2,"k:Bacteria,p:Proteobacteria,c:Betaproteobacteria,o:Neisseriales,f:Neisseriaceae",TACGTAGGGTGCGAGCGTTACTCGGAATTACTGGGCGTAAAGCGAGCGCAGACGGTTACTTAAGCAGGATGTGAAATCCCCGGGCTCAACCTGGGAACTGCGTTCTGAACTGGGTAGCTAGAGTATGTCAGAGGGGGGTAGAATTCCACGTGTAGCAGTGAAATGCGTAGAGATGTGGAGGAATACCGATGGCGAAGGCAGCCCCCTGGGATAATACTGACGTTCATGCTCGAAAGCGTGGGTAGCAAACAGG
2,"k:Bacteria,p:Proteobacteria,c:Gammaproteobacteria,o:Pasteurellales,f:Pasteurellaceae,g:Haemophilus",TACGGAGGGTGCGAGCGTTAATCGGAATAACTGGGCGTAAAGGGCACGCAGGCGGTTATTTAAGTGAGGTGTGAAAGCCCCGGGCTTAACCTGGGAATTGCATTTCAGACTGGGTAACTAGAGTACTTTAGGGAGGGGTAGAATTCCACGTGTAGCGGTGAAATGCGTAGAGATGTGGAGGAATACCGAAGGCGAAGGCAGCCCTTTGGGAATGTACTGACGCTCATGTGCGAAAGCGTGGGGAGCAAACAGG
2,"k:Bacteria,p:Proteobacteria,c:Gammaproteobacteria,o:Pseudomonadales,f:Pseudomonadaceae,g:Pseudomonas",TACGAAGGGTGCAAGCGTTAATCGGAATTACTGGGCGTAAAGCGCGCGTAGGTGGTTCAGCAAGTTGGATGTGAAATCCCCGGGCTCAACCTGGGAACTGCATCCAAAACTACTGAGCTAGAGTACGGTAGAGGGTGGTGGAATTTCCTGTGTAGCGGTGAAATGCGTAGATATAGGAAGGAACACCAGTGGCGAAGGCGACCACCTGGACTGATACTGACACTGAGGTGCGAAAGCGTGGGGAGCAAACAGG
2,"k:Bacteria,p:Chloroflexi",GACGTAGGAGGCGAGCGTTGTCCGGAGTCACTGGGCGTAAAGGGCGCGCAGGCGGCCCCGCGCGCCGTTTCGTGAAAGCCCCCGGCTCAACCGGGCGGAGGCGGGCGGGACGGCGGGGCTGGAGGGTGGTAGGGGCCGGTGGAATTCCCGGTGTAGTGGTGAAATGCGTAGATACCGGGAGGAACACCCGCAGCGAAGGCGGCCGGCTGGGCCAACCCTGACGCTGAGGCGCGAAGGCTAGGGGAGCGAACGGG
2,"k:Bacteria,p:Proteobacteria,c:Betaproteobacteria,o:Neisseriales,f:Neisseriaceae",TACGTAGGGTGCGAGCGTTAATCGGAATTACTGGGCGTAAAGCGAGCGCAGACGGTTACTTAAGCAGGATGTGAAATCCCCGGGCTCAACCTGGGAACTGCGTTCTGAACTGGGTAGCTAGAGTATGTCAGAGGGGGGTAGAATTCCACGTGTAGCAGTGAAATGCGTAGAGATGTGGAGGAATACCGATGGCGAAGGCAGCCCCCTGGGATAATACTGACGTTCATGCTCGAAAGCGTGGGTAGCAAACAGG
2,"k:Bacteria,p:Bacteroidetes,c:Bacteroidia,o:Bacteroidales,f:[Paraprevotellaceae],g:Paraprevotella",TACGGAAGATGCGAGCGTTATCCGGATTTATTGGGTTTAAAGGGAGCGTAGGCGGGCAGTCAAGTCAGCGGTCAAATGGCGCGGCTCAACCGCGTTCCGCCGTTGAAACTGGCAGCCTTGAGTATGCACAGGGTACATGGAATTCGTGGTGTAGCGGTGAAATGCTTAGATATCACGAGGAACTCCGATCGCGCAGGCATTGTACCGGGGCATTACTGACGCTGAGGCTCGAAGGTGCGGGTATCAAACAGG
2,"k:Bacteria,p:Proteobacteria,c:Gammaproteobacteria,o:Xanthomonadales,f:Sinobacteraceae,g:Nevskia",TACAGAGGGTGCAAGCGTTAATCGGATTTACTGGGCGTAAAGCGTGCGTAGGCGGTTCGTTAAGTCGATTGTGAAAGCCCTGGGCTTAACCTGGGAATTGCAGTCGATACTGGCGGACTAGAGAACGGTAGAGGGAGGCGGAACTCCAGGTGTAGCGGTGAAATGCGTAGATATCTGGAAGAACACCGATGGCGAAGGCAACCTCCTGGGCCTGTTCTGACGCTGAGGCACGAAAGCGTGGGTAGCAAACAGG
2,"k:Bacteria,p:Proteobacteria,c:Betaproteobacteria,o:Burkholderiales,f:Comamonadaceae",TACGTAGGGTGCAAGCGTTACTCGGAATTACTGGGCGTAAAGCGTGCGCAGGCGGTTATATAAGACAGATGTGAAATCCCCGGGCTCAACCTGGGAACTGCATTTGTGACTGTATAGCTAGAGTACGGCAGAGGGGGATGGAATTCCGCGTGTAGCAGTGAAATGCGTAGATATGCGGAGGAACACCGATGGCGAAGGCAATCCCCTGGGCCTGTACTGACGCTCATGCACGAAAGCGTGGGGAGCAAACAGG
2,"k:Bacteria,p:Firmicutes,c:Bacilli,o:Lactobacillales,f:Streptococcaceae,g:Lactococcus",TACGTAGGTCCCGAGCGTTGTCCGGATTTATTGGGCGTAAAGCGAGCGCAGGTGGTTTATTAAGTCTGGTGTAAAAGGCAGTGGCTCAACCATTGTATGCATTGGAAACTGGTAGACTTGAGTGCAGGAGAGGAGAGTGGAATTCCATGTGTAGCGGTGAAATGCGTAGATATATGGAGGAACACCGGTGGCGAAAGCGGCTCTCTGGCCTGTAACTGACACTGAGGCTCGAAAGCGTGGGGAGCAAACAGG
2,"k:Bacteria,p:Proteobacteria,c:Alphaproteobacteria,o:Rhodospirillales,f:Rhodospirillaceae",GACGAAGGGGGCTAGCGTTGTTCGGAATTACTGGGCGTAAAGCGCGTGTAGGCGGTTATTCAAGTCAGGTGTGAAAGCCTTGAGCTCAACTCAAGAAATGCACTTGATACTGGATGACTAGAGGACCGGAGAGGATAGTGGAATTCCCAGTGTAGTGGTGAAATACGTAGAGATTGGGAAGAACACCAGTGGCGAAGGCGGCTATCTGGACGGTTACTGACGCTAAGACGCGAAAGCGTGGGGAGCAAACAGG
2,"k:Bacteria,p:Actinobacteria,c:Actinobacteria,o:Actinomycetales,f:Microbacteriaceae",TACGTAGGGTGCAAGCGTTGTCCGGAATTATTGGGCGTAAAGAGCTCGTAGGCGGTTTGTCGCGTCTGCTGTGAAATCCCGAGGCTCAACCTCGGGCCTGCAGTGGGTACGGGCAGACTAGAGTGCGGTAGGGGAGATTGGAATTCCTGGTGTAGCGGTGGAATGCGCAGATATCAGGAGGAACACCGATGGCGAAGGCAGATCTCTGGGCCGTAACTGACGCTGAGGAGCGAAAGGGTGGGGAGCAAAC
2,"k:Bacteria,p:Proteobacteria,c:Alphaproteobacteria,o:Rickettsiales,f:mitochondria",GACggggggggCAAGTGTTATTCGGAATGACTGGGCGTAAAGGGCACGTAGGCGGTGAAAAGGGTGGAAAGTGAAAGTCGCCAAAGCACTGGCGGGGTGCTTTCTTGACCATTTCACTTGAGTGAGATAGGGGAGAGTGGAATTTCGTGTGGAGGGATCAAATCCTAAGATATACGAAGGAACGCCAACCGCGAAGGCAGCTCTCTGGGTCCCCACTGACGCTGGGGTGCGAAAGCATGGGGAGCGAACAGG
2,"k:Bacteria,p:Actinobacteria,c:Actinobacteria,o:Actinomycetales,f:Cellulomonadaceae,g:Cellulomonas",TACGTAGGGCGCAAGCGTTTTCCGGAATTATTGGGCGTAAAGAGCTCGTAGGCGGTTTGTCGCGTCTGCTGTGAAAACCTAAGGCTCAACCTTGGGCTTGCAGTGGGTACGGGCAGACTAGAGTGCGGTAGGGGTGACTGGAATTCCTGGTGTAGCGGTGGAATGCGCAGATATCAGGAGGAACACCGATGGCGAAGGCAGGTCACTGGGCCGCAACTGACGCTGAGGAGCGAAAGCATGGGGAGCGAACAGG
2,"k:Bacteria,p:Actinobacteria,c:Thermoleophilia,o:Gaiellales",CGTAGGGGACGAGCGTTGTCCGGAATCATTGGGCGTAAAGCGCGTGTAGGCGGCCAAGTAAGTCTTACGTGAAATCCTGAGGCTCAACCTCAGGCCTGCGCGGGATACTGCTTGGCTAGAGTCCGGAAGAGGAGAGTGGAATTCCTGGTGTAGCGGTGGAATGCGCAGATATCAGGAGGAACATCCGTGGCGAAGGCGGCTCTCTGGGACGGTACTGACGCTGAGACGCGAAAGCGTGGGGAGCGAACAGG
2,"k:Bacteria,p:WPS-2",TACGTAGGAAGCGAGCGTTGTCCGGATTTACTGGGCGTAAAGGGCGTGTAGGCGGAGCGGCGCATCCTGGAGTAAATCTGTCGGCTTAACTGACAGGCTTTCTAGGAGATGGCCGCCCTTGAGGACAGCAGAGGAAAGTGGAATTCCCGGTGTAGCGGTGAAATGCGTAGATATCGGGAGGAACACCAGTGGCGAAGGCGACTTTCTGGGCTGTTCCTGACGCTGAGGCGCGAAAGCCAGGGGAGCGAACGGG
2,"k:Bacteria,p:Actinobacteria,c:Actinobacteria,o:Actinomycetales,f:Nocardioidaceae",TACGTAGGGTGCGAGCGTTGTCCGGAATTATTGGGCGTAAAGGGCTCGTAGGCGGTTTGTCGCGTCGGGAGTGAAAACAGCTGGCTTAACTGGTTGCTTGCTTTCGATACGGGCAGACTAGAGGGATGCAGGGGAGAACGGAATTCCTGGTGTAGCGGTGAAATGCGCAGATATCAGGAGGAACACCGGTGGCGAAGGCGGTTCTCTGGGCATTCCCTGACGCTGAGGAGCGAAAGTGTGGGGAGCGAACAGG
2,"k:Bacteria,p:Actinobacteria,c:Actinobacteria,o:Actinomycetales,f:Nocardioidaceae",TACGTAGGGTGCGAGCGTTGTCCGGAATTATTGGGCGTAAAGGGCTCGTAGGCGGTCTGTCGCGTCGGGAGTGAAAACTCAGGGCTTAACCCTGAGCCTGCTTCCGATACGGGCAGACTAGAGGTATGCAGGGGAGAATGGAATTCCTGGTGTAGCGGTGAAATGCGCAGATATCAGGAGGAACACCGGTGGCGAAGGCGGTTCTCTGGGCATTACCTGACGCTGAGGAGCGAAAGTGTGGGGAGCGAACAGG
2,,GGGCGAGTGGTGCCGTCGCGCAACCTGGCTGCCCAGCAACTGGTGCTGAAAGAGCCGATCGGCCCGGTCGCCGCCTTCACGCCGTGGAACTTCCCGGTCAACCAGGTGGTGCGCAAGCTGAGCGCCGCACTCGCGAGCGGCTGCTCGTTCCTCGTCAAGGCGCCGG
2,"k:Bacteria,p:Actinobacteria,c:Actinobacteria,o:Actinomycetales,f:Micrococcaceae,g:Micrococcus,s:Micrococcus_luteus",TACGTAGGGTGCGAGCGTTATCCGGAATTATTGGGCGTAAAGAGCTCGTAGGCGGTTTGTCGCGTCTGTCGTGAAAGTCCGGGGTTAAGCCCCGGATCTGCGGTGGGTACGGGCAGACTAGAGTGCAGTAGGGGAGACTGGAATTCCTGGTGTAGCGGTGGAATGCGCAGATATCAGGAGGAACACCGATGGCGAAGGCAGGTCTCTGGGCTGTAACTGACGCTGAGGAGCGAAAGCATGGGGAGCGAACAGG
2,"k:Bacteria,p:Firmicutes,c:Bacilli,o:Lactobacillales,f:Lactobacillaceae,g:Lactobacillus",TACGTAGGTGGCAAGCGTTGTCCGGATTTATTGGGCGTAAAGGGAGAGCAGGCGGTCTTTTAAGTCTGAATGTGAAAGCCCTCAGCTTAACTGAGGAAGAGCATCGGAAACTGAGAGACTTGAGTGCAGAAGAGGAGAGTGGAACTCCATGTGTAGCGGTGAAATGCGTAGATATATGGAAGAACACCAGTGGCGAAGGCGGCTCTCTGGTCTGTTACTGACGCTGAGGCTCGAAAGCATGGGTAGCGAACAGG
2,"k:Bacteria,p:Proteobacteria,c:Alphaproteobacteria,o:Rhodobacterales,f:Hyphomonadaceae",TACGAAGGGGGCTAGCGTTGTTCGGATTTACTGGGCGTAAAGCGCGTGTAGGCGGGTCGTTAAGTTGGGGGTGAAATCCCGAGGCTCAACCTCGGAACTGCCTTCAAAACTGGCGACCTGGACTCAAGCAGAGGCAAGTGGAATTGCGAGTGTAGAGGTGAAATTCGTAGATATTCGCAGGAACACCAGTGGCGAAGGCGACTTGCTGGGCTTGTGGTGACGCTGAGACGCGAAAGCGTGGGGAGCAAACAGG
2,"k:Bacteria,p:Chloroflexi,c:Ktedonobacteria,o:Ktedonobacterales,f:Ktedonobacteraceae",TACGTAGGGGGCAAGCGTTGTCCGGAGTTACTGGGCGCAAAGCGCACGCAGGCGGTCGATTAAGTTTGGAGTGACAGTTGGTGGCTTAACTGCCAAAGTGCTTTGAAAACTGATCGACTTGAGGGCTTCAGAGGGACACGGAATTCCGGGTGGAGTGGTGAAACGCGTAGAGATCCGGAGGAACACCGAAGGCGAAGGCAGTGTCCTGGGGAGTACCTGACGCTCAGGTGCGAAAGCCAGGGGAGCGAACGGG
2,"k:Bacteria,p:Proteobacteria,c:Betaproteobacteria,o:Burkholderiales,f:Comamonadaceae",TACGTAGGGTGCAAGCGTTAATCGGAATTACTGGGCGTAAAGCGTGCGCAGGTGGTTATGTAAGACAGATGTGAAATCCCCGGGCTCAACCTGGGAACTGCATTTGTGACTGCATAGCTGGAGTACGGCAGAGGGGGATGGAATTCCGCGTGTAGCAGTGAAATGCGTAGATATGCGGAGGAACACCGATGGCGAAGGCAATCCCCTGGGCCTGTACTGACGCTCATGCAAGAAAGCGTGGGGAGCAAACAGG
2,"k:Bacteria,p:Proteobacteria,c:Alphaproteobacteria,o:Rhizobiales,f:Hyphomicrobiaceae,g:Hyphomicrobium",TACGAAGGGGACTAGCGTTGTTCGGAATCACTGGGCGTAAAGCGCACGTAGGTGGAATCGTAAGTCAGGGGTGAAATCCCGGGGCTCAACCTCGGAACTGCCTTTGATACTGCGGCTCTTGAGTCCGATAGAGGTGGGTGGAATTCCTAGTGTAGAGGTGAAATTCGTAGATATTAGGAAGAACACCGGTGGCGAAGGCGGCCCACTGGATCGGTACTGACACTGAGGTGCGAAAGCGTGGGGAGCAAACAGG
2,"k:Bacteria,p:Proteobacteria,c:Alphaproteobacteria,o:Rhodobacterales,f:Rhodobacteraceae",TACGGAGGGGGCTAGCGTTGTTCGGAATTACTGGGCGTAAAGCGCACGTAGGCGGACTGGAAAGTTGGGGGTGAAATACCGGGGCTCAACCTCGGAACTGCCTTCAAAACTATCAGTCTGGAGTTCGAGAGAGGTGAGTGGAATTCCGAGTGTAGAGGTGAAATTCGTAGATATTCGGAGGAACACCAGTGGCGAAGGCGGCTCACTGGCTCGATACTGACGCTGAGGTGCGAAAGCGTGGGGAGCAAACAGG
2,,GACAAGGGAGACGAGTGTTATTCATCTTTAACAGGTATATAGGGTACCTAGACGGTGTGCAATGGCTTAAATAAGTACCTGGTACACTTGAGTTTGATATGTGAGAGGAATATGTCGGAATTGTTGGAGGAAAGATGAAATTTGTTAATACCAATAGGACTGATAACGGCGAAGGCAAACCTCTATGTACATGTACTTGCTATTTCTGTTTTTATTATAGCAAAATAGCAATGTACTATAACTGACGTTGAGGGACGAAGGCTCAGAGAGTGAAGAGG
2,"k:Bacteria,p:Proteobacteria,c:Alphaproteobacteria,o:Rhizobiales,f:Methylobacteriaceae,g:Methylobacterium",TACGAAGGGGGCTAGCGTTGCTCGGAATCACTGGGCGTAAAGGGCGCGTAGGCGGCGTTTTAAGTCGGGGGTGAAAGCCTGTGGCTCAACCACAGAATGGCCTTCGATACTGGGACGCTTGAGTATGGTAGAGGTTGGTGGAACTGCGAGTGTAGAGGTGAAATTCGTAGATATTCGCAAGAACACCGGTGGCGAAGGCGGCCAACTGGACCATTACTGACGCTGAGGCGCGAAAGCGTGGGGAGCAAACAGG
2,"k:Bacteria,p:Proteobacteria,c:Alphaproteobacteria,o:Rickettsiales,f:mitochondria",GACGGGGGGGCAAGTGTTCTTCGGAATGACTGGGCGTAAAGGGCACGTAGGCGGTGAATCGGGTTGAAAGTGAAAGTCGCCAAAAACTGGTGGAATGCTCTCGAAACCAATTCACTTGAGTGAGACAGAGGAGAGTGGAATTTCGTGTGTAGGGGTGAAATCCGCAGATATACGAAGGAACGCAAAAAGCGAAGGCAGCTCTCTGGGTCCCTATCGACGCTGGAGTGCGAAAGCATGGGGAGCGAACGGG
2,"k:Bacteria,p:Proteobacteria,c:Betaproteobacteria,o:Neisseriales,f:Neisseriaceae",TACGTAGGGTGCAAGCGTTAATCGGAATTATTGGGCGTAAAGCGAGTGCAGACGGTTACTTAAGCCAGATGTGAAATCCCCAAGCTTAACTTGGGACGTGCATTTGGAACTGGGTGACTAGAGTGTGTCAGAGGGAGGTAGAATTCCACATGTAGCGGTGGAATGCGTAGAGATGTGGAGGAATACCGATGGCGAAGGCAGCCTCCTGGGATAACACTGACGTTGAGGCTCGAAAGCGTGGGGAGCAAACAGG
2,"k:Bacteria,p:Proteobacteria,c:Alphaproteobacteria,o:Sphingomonadales,f:Sphingomonadaceae",TACGGAGGGAGCTAGCGTTGTTCGGAATTACTGGGCGTAAAGCGTACGTAGGCGGCTTTGTAAGTTAGAGGTGAAAGCCCGGGGCTCAACTCCGGAACTGCCTTTAAGACTGCATCGCTAGAATCCAGGAGAGGTGAGTGGAATTCCGAGTGTAGAGGTGAAATTCGTAGATATTCGGAAGAACACCAGTGGCGAAGGCGGCTCACTGGACTGGTATTGACGCTGAGGTACGAAAGCGTGGGGAGCAAACAGG
2,"k:Bacteria,p:Proteobacteria,c:Alphaproteobacteria",TACGGAGGGGGCTAGCGTTGTTCGGAATTACTGGGCGTAAAGCGCACGTAGGCGGCTTTGTAAGTTAGAGGTGAAAGCCCGGGGCTCAACTCCGGAACTGCCTTTAAGACTGCATCGCTTGAACGATGGAGAGGTAAGTGGAATTCCGAGTGTAGAGGTGAAATTCGTAGATATTCGGAAGAACACCAGTGGCGAAGGCGACTTACTGGACATCTGTTGACGCTGAGGTGCGAAAGCGTGGGGAGCAAACAGG
2,"k:Bacteria,p:Actinobacteria,c:Actinobacteria,o:Actinomycetales,f:Corynebacteriaceae,g:Corynebacterium",TACGTAGGGTGCAAGCGTTGTCCGGAATTACTGGGCGTAAAGAGCTCGTAGGTGGTTTGTCGCGTCGTCTGTGAAATCCCGGGGCTTAACTCCGGGTCTGCAGGCGATACGGGCATAACTAGAGTGCTGTAGGGGAGACTGGAATTCCTGGTGTAGCGGTGAAATGCGCAGATATCAGGAGGAACACCGATGGCGAAGGCAGGTCTCTGGGCAGTAACTGACGCTGAGGAGCGAAAGCATGGGGAGCAAACAGG
2,"k:Bacteria,p:Firmicutes,c:Clostridia,o:Clostridiales,f:Lachnospiraceae",TACGTATGGTGCAAGCGTTATCCGGATTTACTGGGTGTAAAGGGAGCGCAGGCGGTGCGGCAAGTCTGATGTGAAAGCCCGGGGCTCAACCCCGGTACTGCATTGGAAACTGTCGTACTAGAGTGTCGGAGGGGTAAGCGGAATTCCTAGTGTAGCGGTGAAATGCGTAGATATTAGGAGGAACACCAGTGGCGAAGGCGGCTTACTGGACGATAACTGACGCTGAGGCTCGAAAGCGTGGGGAGCAAACAGG
2,,CTTGGTCATTTAGAGGAAGGAGAAGTCGTAACAAGGTTTCCGTAGGTGAACCTGCGGAAGGATCATTGTCGATGCCTTACATGCAGACCAACTCGTGAATTTGTTTGAATACATAGGGATGGCACGGGTGTTTTTGCACCACGACCTCCCTTTGGGTAGGAGGGGGTGCGTCCCCCTCATGCCTGAACACAAACCCCGGCGTTCAATGCGCCAAGGAACATAAAAATCGATCAATGCGCCCCGTCGGCCCGGAGACGGTGCTCTGGCGGTGGTGCCTTGTCACATGATACAGAATGACTCTCGGCAACGGATATCTAGGCTCTTGCATCGATGAAGAACGCAGC